week_start,brand_id,brand_name,system_sales,system_orders,avg_check,contribution_margin,contribution_margin_pct,digital_mix_pct,delivery_mix_pct,market_id,market_name,store_count_proxy,pickup_mix_pct
2025-01-06,pizzahut,Pizza Hut,27533.53,1402,19.64,12642.67,0.4592,65.25,49.01,atlanta_ga,Atlanta,32,16.24
2025-01-06,pizzahut,Pizza Hut,27135.95,1377,19.71,12456.36,0.459,64.95,48.9,charlotte_nc,Charlotte,32,16.05
2025-01-06,pizzahut,Pizza Hut,20953.17,1031,20.32,9693.31,0.4626,64.87,48.21,chicago_il,Chicago,25,16.66
2025-01-06,pizzahut,Pizza Hut,23644.56,1182,20.0,10821.39,0.4577,65.64,49.59,dallas_tx,Dallas-Fort Worth,26,16.05
2025-01-06,pizzahut,Pizza Hut,24262.54,1187,20.44,11185.98,0.461,65.53,48.93,denver_co,Denver,27,16.6
2025-01-06,pizzahut,Pizza Hut,27402.82,1224,22.39,12658.3,0.4619,64.7,48.58,los_angeles_ca,Los Angeles,28,16.11
2025-01-06,pizzahut,Pizza Hut,22504.28,1126,19.99,10419.75,0.463,64.47,48.65,miami_fl,Miami,28,15.81
2025-01-06,pizzahut,Pizza Hut,21611.68,1083,19.96,9932.82,0.4596,64.97,48.91,minneapolis_mn,Minneapolis,25,16.06
2025-01-06,pizzahut,Pizza Hut,20033.19,1035,19.36,9212.88,0.4599,64.94,48.54,nashville_tn,Nashville,24,16.4
2025-01-06,pizzahut,Pizza Hut,27090.37,1182,22.92,12530.82,0.4626,64.89,48.58,new_york_ny,New York City,26,16.32
2025-01-06,pizzahut,Pizza Hut,20677.36,1049,19.71,9514.23,0.4601,65.13,48.77,phoenix_az,Phoenix,25,16.36
2025-01-06,pizzahut,Pizza Hut,24126.43,1104,21.85,11138.63,0.4617,64.88,48.51,seattle_wa,Seattle,24,16.37
2025-01-13,pizzahut,Pizza Hut,27304.75,1535,17.79,12581.83,0.4608,64.54,48.14,atlanta_ga,Atlanta,32,16.4
2025-01-13,pizzahut,Pizza Hut,27419.25,1552,17.67,12637.13,0.4609,65.01,48.62,charlotte_nc,Charlotte,32,16.39
2025-01-13,pizzahut,Pizza Hut,21890.91,1205,18.17,10108.37,0.4618,64.95,48.8,chicago_il,Chicago,25,16.15
2025-01-13,pizzahut,Pizza Hut,24282.73,1355,17.92,11169.32,0.46,64.52,48.52,dallas_tx,Dallas-Fort Worth,26,16.01
2025-01-13,pizzahut,Pizza Hut,24323.92,1313,18.53,11310.71,0.465,63.63,47.25,denver_co,Denver,27,16.38
2025-01-13,pizzahut,Pizza Hut,28085.92,1380,20.35,12976.88,0.462,64.93,48.91,los_angeles_ca,Los Angeles,28,16.02
2025-01-13,pizzahut,Pizza Hut,22955.11,1261,18.2,10649.5,0.4639,64.77,48.16,miami_fl,Miami,28,16.6
2025-01-13,pizzahut,Pizza Hut,21815.16,1229,17.75,10097.84,0.4629,64.21,47.67,minneapolis_mn,Minneapolis,25,16.54
2025-01-13,pizzahut,Pizza Hut,20112.75,1167,17.23,9267.87,0.4608,64.29,48.46,nashville_tn,Nashville,24,15.83
2025-01-13,pizzahut,Pizza Hut,27267.65,1309,20.83,12646.47,0.4638,64.74,48.47,new_york_ny,New York City,26,16.28
2025-01-13,pizzahut,Pizza Hut,20825.4,1180,17.65,9611.42,0.4615,64.48,48.27,phoenix_az,Phoenix,25,16.21
2025-01-13,pizzahut,Pizza Hut,24079.29,1230,19.58,11135.43,0.4624,64.9,48.57,seattle_wa,Seattle,24,16.32
2025-01-20,pizzahut,Pizza Hut,26812.42,1389,19.3,12337.64,0.4601,65.27,48.93,atlanta_ga,Atlanta,32,16.35
2025-01-20,pizzahut,Pizza Hut,26937.25,1358,19.84,12371.64,0.4593,65.5,49.24,charlotte_nc,Charlotte,32,16.27
2025-01-20,pizzahut,Pizza Hut,20994.62,1052,19.96,9690.99,0.4616,65.24,48.94,chicago_il,Chicago,25,16.3
2025-01-20,pizzahut,Pizza Hut,23659.99,1193,19.83,10857.55,0.4589,64.95,49.11,dallas_tx,Dallas-Fort Worth,26,15.85
2025-01-20,pizzahut,Pizza Hut,24179.8,1191,20.3,11126.14,0.4601,65.48,49.36,denver_co,Denver,27,16.11
2025-01-20,pizzahut,Pizza Hut,27493.88,1204,22.84,12643.35,0.4599,65.76,49.73,los_angeles_ca,Los Angeles,28,16.04
2025-01-20,pizzahut,Pizza Hut,22853.27,1116,20.48,10571.14,0.4626,64.91,48.79,miami_fl,Miami,28,16.12
2025-01-20,pizzahut,Pizza Hut,21585.24,1085,19.89,9931.1,0.4601,64.69,48.84,minneapolis_mn,Minneapolis,25,15.85
2025-01-20,pizzahut,Pizza Hut,19430.74,1022,19.01,8945.18,0.4604,64.64,48.37,nashville_tn,Nashville,24,16.28
2025-01-20,pizzahut,Pizza Hut,26676.53,1161,22.98,12329.22,0.4622,65.62,48.79,new_york_ny,New York City,26,16.83
2025-01-20,pizzahut,Pizza Hut,20721.15,1076,19.26,9545.35,0.4607,64.6,48.77,phoenix_az,Phoenix,25,15.83
2025-01-20,pizzahut,Pizza Hut,23832.46,1081,22.05,10983.81,0.4609,65.2,48.95,seattle_wa,Seattle,24,16.26
2025-01-27,pizzahut,Pizza Hut,27450.27,1420,19.33,12584.1,0.4584,65.44,49.47,atlanta_ga,Atlanta,32,15.97
2025-01-27,pizzahut,Pizza Hut,26961.54,1393,19.36,12372.85,0.4589,65.51,49.3,charlotte_nc,Charlotte,32,16.21
2025-01-27,pizzahut,Pizza Hut,21356.31,1073,19.9,9845.87,0.461,65.17,48.98,chicago_il,Chicago,25,16.18
2025-01-27,pizzahut,Pizza Hut,23535.36,1185,19.86,10822.68,0.4598,64.99,48.71,dallas_tx,Dallas-Fort Worth,26,16.28
2025-01-27,pizzahut,Pizza Hut,24245.44,1192,20.34,11158.64,0.4602,65.63,49.08,denver_co,Denver,27,16.55
2025-01-27,pizzahut,Pizza Hut,27319.0,1210,22.58,12619.4,0.4619,65.08,48.9,los_angeles_ca,Los Angeles,28,16.18
2025-01-27,pizzahut,Pizza Hut,22485.37,1114,20.18,10387.81,0.462,64.98,48.85,miami_fl,Miami,28,16.13
2025-01-27,pizzahut,Pizza Hut,21694.67,1082,20.05,10021.53,0.4619,64.57,47.96,minneapolis_mn,Minneapolis,25,16.61
2025-01-27,pizzahut,Pizza Hut,20052.5,1032,19.43,9236.05,0.4606,64.43,48.29,nashville_tn,Nashville,24,16.14
2025-01-27,pizzahut,Pizza Hut,27060.3,1169,23.15,12523.96,0.4628,64.62,48.73,new_york_ny,New York City,26,15.89
2025-01-27,pizzahut,Pizza Hut,20729.94,1066,19.45,9536.07,0.46,64.9,49.01,phoenix_az,Phoenix,25,15.89
2025-01-27,pizzahut,Pizza Hut,23748.92,1080,21.99,10959.6,0.4615,65.2,48.57,seattle_wa,Seattle,24,16.63
2025-02-03,pizzahut,Pizza Hut,27404.76,1562,17.54,12621.28,0.4606,64.82,48.57,atlanta_ga,Atlanta,32,16.24
2025-02-03,pizzahut,Pizza Hut,26986.82,1547,17.44,12446.35,0.4612,64.74,48.47,charlotte_nc,Charlotte,32,16.27
2025-02-03,pizzahut,Pizza Hut,21478.34,1194,17.99,9969.2,0.4642,63.87,47.65,chicago_il,Chicago,25,16.21
2025-02-03,pizzahut,Pizza Hut,23884.86,1333,17.92,10938.55,0.458,65.75,49.49,dallas_tx,Dallas-Fort Worth,26,16.26
2025-02-03,pizzahut,Pizza Hut,24357.82,1335,18.25,11264.08,0.4624,64.82,48.4,denver_co,Denver,27,16.42
2025-02-03,pizzahut,Pizza Hut,28105.29,1374,20.46,13031.04,0.4637,65.06,48.34,los_angeles_ca,Los Angeles,28,16.72
2025-02-03,pizzahut,Pizza Hut,22895.51,1264,18.11,10620.04,0.4638,64.4,48.24,miami_fl,Miami,28,16.15
2025-02-03,pizzahut,Pizza Hut,21562.33,1213,17.78,9951.2,0.4615,65.12,48.46,minneapolis_mn,Minneapolis,25,16.67
2025-02-03,pizzahut,Pizza Hut,19957.32,1169,17.07,9210.15,0.4615,64.27,48.23,nashville_tn,Nashville,24,16.04
2025-02-03,pizzahut,Pizza Hut,27169.26,1345,20.2,12609.65,0.4641,64.38,48.26,new_york_ny,New York City,26,16.12
2025-02-03,pizzahut,Pizza Hut,20872.74,1172,17.81,9641.8,0.4619,64.53,48.37,phoenix_az,Phoenix,25,16.15
2025-02-03,pizzahut,Pizza Hut,24489.74,1279,19.15,11329.22,0.4626,64.81,48.59,seattle_wa,Seattle,24,16.22
2025-02-10,pizzahut,Pizza Hut,26837.72,1380,19.45,12317.01,0.4589,65.48,49.24,atlanta_ga,Atlanta,32,16.24
2025-02-10,pizzahut,Pizza Hut,26729.85,1374,19.45,12275.55,0.4592,64.95,48.91,charlotte_nc,Charlotte,32,16.04
2025-02-10,pizzahut,Pizza Hut,21316.72,1073,19.87,9843.84,0.4618,64.95,48.49,chicago_il,Chicago,25,16.47
2025-02-10,pizzahut,Pizza Hut,23436.06,1184,19.79,10798.95,0.4608,64.54,48.16,dallas_tx,Dallas-Fort Worth,26,16.38
2025-02-10,pizzahut,Pizza Hut,23948.68,1184,20.23,11032.34,0.4607,65.44,49.3,denver_co,Denver,27,16.15
2025-02-10,pizzahut,Pizza Hut,27659.97,1227,22.54,12733.29,0.4604,65.34,49.3,los_angeles_ca,Los Angeles,28,16.05
2025-02-10,pizzahut,Pizza Hut,22437.06,1106,20.29,10395.16,0.4633,64.78,48.58,miami_fl,Miami,28,16.19
2025-02-10,pizzahut,Pizza Hut,21557.34,1078,20.0,9918.44,0.4601,65.31,48.83,minneapolis_mn,Minneapolis,25,16.47
2025-02-10,pizzahut,Pizza Hut,20049.01,1046,19.17,9178.73,0.4578,65.73,49.66,nashville_tn,Nashville,24,16.07
2025-02-10,pizzahut,Pizza Hut,26251.01,1147,22.89,12170.13,0.4636,65.04,48.46,new_york_ny,New York City,26,16.58
2025-02-10,pizzahut,Pizza Hut,20436.57,1049,19.48,9417.21,0.4608,65.06,48.69,phoenix_az,Phoenix,25,16.37
2025-02-10,pizzahut,Pizza Hut,23927.49,1103,21.69,11064.04,0.4624,65.02,48.61,seattle_wa,Seattle,24,16.41
2025-02-17,pizzahut,Pizza Hut,27230.07,1374,19.82,12511.04,0.4595,64.81,48.59,atlanta_ga,Atlanta,32,16.21
2025-02-17,pizzahut,Pizza Hut,27000.92,1370,19.71,12406.82,0.4595,65.43,49.15,charlotte_nc,Charlotte,32,16.28
2025-02-17,pizzahut,Pizza Hut,21144.27,1054,20.06,9749.74,0.4611,64.6,48.75,chicago_il,Chicago,25,15.85
2025-02-17,pizzahut,Pizza Hut,23582.65,1180,19.99,10819.8,0.4588,64.91,48.66,dallas_tx,Dallas-Fort Worth,26,16.26
2025-02-17,pizzahut,Pizza Hut,24446.06,1180,20.72,11251.13,0.4602,65.12,49.02,denver_co,Denver,27,16.1
2025-02-17,pizzahut,Pizza Hut,27142.86,1205,22.53,12559.8,0.4627,64.87,48.48,los_angeles_ca,Los Angeles,28,16.4
2025-02-17,pizzahut,Pizza Hut,22706.19,1134,20.02,10508.76,0.4628,64.47,48.35,miami_fl,Miami,28,16.12
2025-02-17,pizzahut,Pizza Hut,21685.01,1114,19.47,9997.44,0.461,64.94,48.64,minneapolis_mn,Minneapolis,25,16.3
2025-02-17,pizzahut,Pizza Hut,19763.8,1025,19.28,9091.94,0.46,65.05,48.4,nashville_tn,Nashville,24,16.65
2025-02-17,pizzahut,Pizza Hut,26607.83,1171,22.72,12306.54,0.4625,65.17,49.02,new_york_ny,New York City,26,16.15
2025-02-17,pizzahut,Pizza Hut,20571.51,1048,19.63,9476.57,0.4607,64.34,48.25,phoenix_az,Phoenix,25,16.09
2025-02-17,pizzahut,Pizza Hut,23588.92,1077,21.9,10901.32,0.4621,64.52,48.4,seattle_wa,Seattle,24,16.12
2025-02-24,pizzahut,Pizza Hut,26707.28,1516,17.62,12375.61,0.4634,64.07,47.32,atlanta_ga,Atlanta,32,16.76
2025-02-24,pizzahut,Pizza Hut,26819.53,1540,17.42,12407.16,0.4626,64.16,47.73,charlotte_nc,Charlotte,32,16.43
2025-02-24,pizzahut,Pizza Hut,21323.29,1154,18.48,9874.62,0.4631,64.75,48.11,chicago_il,Chicago,25,16.64
2025-02-24,pizzahut,Pizza Hut,23309.13,1319,17.67,10772.11,0.4621,64.38,47.72,dallas_tx,Dallas-Fort Worth,26,16.66
2025-02-24,pizzahut,Pizza Hut,24375.07,1346,18.11,11254.67,0.4617,64.69,48.46,denver_co,Denver,27,16.22
2025-02-24,pizzahut,Pizza Hut,27718.49,1359,20.4,12856.04,0.4638,64.17,48.02,los_angeles_ca,Los Angeles,28,16.15
2025-02-24,pizzahut,Pizza Hut,23165.28,1267,18.28,10730.74,0.4632,64.73,48.4,miami_fl,Miami,28,16.33
2025-02-24,pizzahut,Pizza Hut,21766.08,1224,17.78,10029.65,0.4608,64.48,48.74,minneapolis_mn,Minneapolis,25,15.73
2025-02-24,pizzahut,Pizza Hut,19475.68,1141,17.07,9014.57,0.4629,63.93,47.55,nashville_tn,Nashville,24,16.38
2025-02-24,pizzahut,Pizza Hut,26809.35,1308,20.5,12434.71,0.4638,65.22,48.64,new_york_ny,New York City,26,16.58
2025-02-24,pizzahut,Pizza Hut,20522.92,1179,17.41,9472.47,0.4616,64.8,48.52,phoenix_az,Phoenix,25,16.28
2025-02-24,pizzahut,Pizza Hut,24253.07,1230,19.72,11222.42,0.4627,64.86,48.4,seattle_wa,Seattle,24,16.46
2025-03-03,pizzahut,Pizza Hut,24204.72,1205,20.09,11126.3,0.4597,65.08,48.88,atlanta_ga,Atlanta,32,16.2
2025-03-03,pizzahut,Pizza Hut,24204.39,1258,19.24,11168.66,0.4614,64.61,48.06,charlotte_nc,Charlotte,32,16.55
2025-03-03,pizzahut,Pizza Hut,18982.05,922,20.59,8760.28,0.4615,64.74,48.55,chicago_il,Chicago,25,16.19
2025-03-03,pizzahut,Pizza Hut,21373.42,1052,20.32,9823.05,0.4596,64.54,48.19,dallas_tx,Dallas-Fort Worth,26,16.35
2025-03-03,pizzahut,Pizza Hut,21674.31,1049,20.66,9976.98,0.4603,65.41,49.12,denver_co,Denver,27,16.29
2025-03-03,pizzahut,Pizza Hut,24736.58,1098,22.53,11442.55,0.4626,64.32,48.13,los_angeles_ca,Los Angeles,28,16.19
2025-03-03,pizzahut,Pizza Hut,20710.73,1021,20.28,9554.38,0.4613,65.5,49.25,miami_fl,Miami,28,16.25
2025-03-03,pizzahut,Pizza Hut,19441.16,979,19.86,8950.67,0.4604,64.79,48.45,minneapolis_mn,Minneapolis,25,16.34
2025-03-03,pizzahut,Pizza Hut,17711.4,916,19.34,8136.34,0.4594,64.92,48.84,nashville_tn,Nashville,24,16.08
2025-03-03,pizzahut,Pizza Hut,23938.0,1011,23.68,11085.65,0.4631,65.03,48.44,new_york_ny,New York City,26,16.59
2025-03-03,pizzahut,Pizza Hut,18644.01,944,19.75,8539.55,0.458,65.75,49.63,phoenix_az,Phoenix,25,16.12
2025-03-03,pizzahut,Pizza Hut,21251.1,970,21.91,9801.39,0.4612,65.16,48.85,seattle_wa,Seattle,24,16.32
2025-03-10,pizzahut,Pizza Hut,23976.41,1217,19.7,11011.23,0.4593,65.11,49.02,atlanta_ga,Atlanta,32,16.09
2025-03-10,pizzahut,Pizza Hut,24384.71,1243,19.62,11190.43,0.4589,65.24,49.07,charlotte_nc,Charlotte,32,16.17
2025-03-10,pizzahut,Pizza Hut,18899.17,920,20.54,8734.12,0.4621,64.89,48.45,chicago_il,Chicago,25,16.43
2025-03-10,pizzahut,Pizza Hut,20962.35,1045,20.06,9641.6,0.4599,65.12,48.75,dallas_tx,Dallas-Fort Worth,26,16.37
2025-03-10,pizzahut,Pizza Hut,21791.66,1071,20.35,10017.27,0.4597,65.37,49.35,denver_co,Denver,27,16.02
2025-03-10,pizzahut,Pizza Hut,24441.44,1074,22.76,11297.46,0.4622,64.95,48.63,los_angeles_ca,Los Angeles,28,16.32
2025-03-10,pizzahut,Pizza Hut,20388.97,982,20.76,9410.67,0.4616,64.85,48.84,miami_fl,Miami,28,16.01
2025-03-10,pizzahut,Pizza Hut,19607.56,983,19.95,9012.51,0.4596,65.44,49.14,minneapolis_mn,Minneapolis,25,16.31
2025-03-10,pizzahut,Pizza Hut,17775.37,901,19.73,8142.53,0.4581,65.08,49.37,nashville_tn,Nashville,24,15.71
2025-03-10,pizzahut,Pizza Hut,23988.86,1044,22.98,11127.47,0.4639,64.82,48.07,new_york_ny,New York City,26,16.75
2025-03-10,pizzahut,Pizza Hut,18529.65,932,19.88,8525.17,0.4601,65.02,49.08,phoenix_az,Phoenix,25,15.94
2025-03-10,pizzahut,Pizza Hut,21291.77,947,22.48,9859.8,0.4631,64.31,47.95,seattle_wa,Seattle,24,16.36
2025-03-17,pizzahut,Pizza Hut,24080.88,1227,19.63,11065.09,0.4595,65.21,49.01,atlanta_ga,Atlanta,32,16.2
2025-03-17,pizzahut,Pizza Hut,24302.64,1231,19.74,11181.54,0.4601,65.0,48.32,charlotte_nc,Charlotte,32,16.68
2025-03-17,pizzahut,Pizza Hut,19148.56,924,20.72,8817.33,0.4605,65.46,49.01,chicago_il,Chicago,25,16.45
2025-03-17,pizzahut,Pizza Hut,21122.34,1035,20.41,9669.02,0.4578,65.25,49.23,dallas_tx,Dallas-Fort Worth,26,16.02
2025-03-17,pizzahut,Pizza Hut,21375.52,1052,20.32,9863.59,0.4614,65.02,48.6,denver_co,Denver,27,16.42
2025-03-17,pizzahut,Pizza Hut,24973.27,1091,22.89,11497.87,0.4604,65.25,49.39,los_angeles_ca,Los Angeles,28,15.86
2025-03-17,pizzahut,Pizza Hut,20097.95,983,20.45,9317.6,0.4636,64.56,48.19,miami_fl,Miami,28,16.37
2025-03-17,pizzahut,Pizza Hut,19698.72,978,20.14,9054.33,0.4596,65.02,48.75,minneapolis_mn,Minneapolis,25,16.27
2025-03-17,pizzahut,Pizza Hut,17767.95,899,19.76,8139.42,0.4581,65.54,49.42,nashville_tn,Nashville,24,16.12
2025-03-17,pizzahut,Pizza Hut,24010.74,1033,23.24,11115.81,0.463,65.12,48.51,new_york_ny,New York City,26,16.61
2025-03-17,pizzahut,Pizza Hut,18616.14,942,19.76,8543.7,0.4589,64.98,49.25,phoenix_az,Phoenix,25,15.73
2025-03-17,pizzahut,Pizza Hut,21216.27,971,21.85,9764.41,0.4602,65.74,49.79,seattle_wa,Seattle,24,15.95
2025-03-24,pizzahut,Pizza Hut,24191.68,1288,18.78,11148.2,0.4608,64.69,48.11,atlanta_ga,Atlanta,32,16.58
2025-03-24,pizzahut,Pizza Hut,24654.17,1266,19.47,11328.1,0.4595,64.71,48.65,charlotte_nc,Charlotte,32,16.06
2025-03-24,pizzahut,Pizza Hut,19488.64,1003,19.43,9014.54,0.4626,64.43,48.39,chicago_il,Chicago,25,16.03
2025-03-24,pizzahut,Pizza Hut,21114.25,1093,19.32,9738.25,0.4612,63.98,47.76,dallas_tx,Dallas-Fort Worth,26,16.22
2025-03-24,pizzahut,Pizza Hut,22027.47,1119,19.68,10127.27,0.4598,65.25,49.55,denver_co,Denver,27,15.7
2025-03-24,pizzahut,Pizza Hut,24887.14,1148,21.68,11551.4,0.4642,64.16,47.93,los_angeles_ca,Los Angeles,28,16.23
2025-03-24,pizzahut,Pizza Hut,20132.64,1045,19.27,9343.08,0.4641,64.25,47.79,miami_fl,Miami,28,16.46
2025-03-24,pizzahut,Pizza Hut,19540.11,1031,18.95,9003.67,0.4608,64.32,48.49,minneapolis_mn,Minneapolis,25,15.83
2025-03-24,pizzahut,Pizza Hut,18084.85,968,18.68,8326.1,0.4604,64.78,48.45,nashville_tn,Nashville,24,16.33
2025-03-24,pizzahut,Pizza Hut,24210.46,1095,22.11,11239.92,0.4643,64.3,48.15,new_york_ny,New York City,26,16.15
2025-03-24,pizzahut,Pizza Hut,18749.88,997,18.81,8636.12,0.4606,64.96,48.59,phoenix_az,Phoenix,25,16.38
2025-03-24,pizzahut,Pizza Hut,21598.03,1012,21.34,10001.97,0.4631,64.2,47.97,seattle_wa,Seattle,24,16.23
2025-03-31,pizzahut,Pizza Hut,24465.46,1252,19.54,11251.21,0.4599,65.09,48.8,atlanta_ga,Atlanta,32,16.3
2025-03-31,pizzahut,Pizza Hut,24185.74,1217,19.87,11153.17,0.4611,64.13,47.91,charlotte_nc,Charlotte,32,16.22
2025-03-31,pizzahut,Pizza Hut,19052.82,941,20.25,8790.4,0.4614,64.89,48.74,chicago_il,Chicago,25,16.15
2025-03-31,pizzahut,Pizza Hut,21095.81,1039,20.3,9674.34,0.4586,65.41,49.09,dallas_tx,Dallas-Fort Worth,26,16.32
2025-03-31,pizzahut,Pizza Hut,21686.16,1067,20.32,9969.59,0.4597,65.67,49.48,denver_co,Denver,27,16.18
2025-03-31,pizzahut,Pizza Hut,24845.24,1082,22.96,11490.18,0.4625,64.85,48.79,los_angeles_ca,Los Angeles,28,16.06
2025-03-31,pizzahut,Pizza Hut,20764.56,1030,20.16,9587.67,0.4617,65.08,48.93,miami_fl,Miami,28,16.15
2025-03-31,pizzahut,Pizza Hut,19482.32,983,19.82,8985.35,0.4612,64.54,48.39,minneapolis_mn,Minneapolis,25,16.15
2025-03-31,pizzahut,Pizza Hut,17547.99,910,19.28,8083.87,0.4607,64.11,48.31,nashville_tn,Nashville,24,15.81
2025-03-31,pizzahut,Pizza Hut,23608.17,1014,23.28,10966.18,0.4645,63.74,47.65,new_york_ny,New York City,26,16.08
2025-03-31,pizzahut,Pizza Hut,18447.12,931,19.81,8487.31,0.4601,65.09,48.62,phoenix_az,Phoenix,25,16.47
2025-03-31,pizzahut,Pizza Hut,21014.55,951,22.1,9744.49,0.4637,63.66,47.54,seattle_wa,Seattle,24,16.11
2025-04-07,pizzahut,Pizza Hut,23782.34,1197,19.87,10937.63,0.4599,65.22,48.58,atlanta_ga,Atlanta,32,16.63
2025-04-07,pizzahut,Pizza Hut,24149.56,1218,19.83,11099.87,0.4596,65.17,48.97,charlotte_nc,Charlotte,32,16.21
2025-04-07,pizzahut,Pizza Hut,19288.94,941,20.5,8901.14,0.4615,64.93,48.75,chicago_il,Chicago,25,16.17
2025-04-07,pizzahut,Pizza Hut,20658.17,1035,19.96,9549.81,0.4623,64.33,47.52,dallas_tx,Dallas-Fort Worth,26,16.81
2025-04-07,pizzahut,Pizza Hut,21518.85,1043,20.63,9904.85,0.4603,65.35,49.11,denver_co,Denver,27,16.23
2025-04-07,pizzahut,Pizza Hut,24864.85,1104,22.52,11451.04,0.4605,65.42,49.44,los_angeles_ca,Los Angeles,28,15.98
2025-04-07,pizzahut,Pizza Hut,20565.02,1011,20.34,9462.97,0.4601,65.58,49.35,miami_fl,Miami,28,16.23
2025-04-07,pizzahut,Pizza Hut,19185.87,970,19.78,8835.91,0.4605,64.76,48.74,minneapolis_mn,Minneapolis,25,16.02
2025-04-07,pizzahut,Pizza Hut,17716.07,902,19.64,8159.53,0.4606,64.2,48.05,nashville_tn,Nashville,24,16.16
2025-04-07,pizzahut,Pizza Hut,23867.78,1042,22.91,11082.42,0.4643,64.42,48.02,new_york_ny,New York City,26,16.39
2025-04-07,pizzahut,Pizza Hut,18509.26,922,20.08,8513.82,0.46,64.96,48.87,phoenix_az,Phoenix,25,16.09
2025-04-07,pizzahut,Pizza Hut,21111.23,966,21.85,9756.68,0.4622,64.48,48.56,seattle_wa,Seattle,24,15.93
2025-04-14,pizzahut,Pizza Hut,24620.92,1241,19.84,11251.76,0.457,65.73,49.53,atlanta_ga,Atlanta,32,16.2
2025-04-14,pizzahut,Pizza Hut,24144.98,1237,19.52,11131.32,0.461,64.57,48.28,charlotte_nc,Charlotte,32,16.29
2025-04-14,pizzahut,Pizza Hut,18776.4,915,20.52,8690.41,0.4628,64.3,48.13,chicago_il,Chicago,25,16.17
2025-04-14,pizzahut,Pizza Hut,21012.21,1028,20.44,9621.83,0.4579,65.53,49.49,dallas_tx,Dallas-Fort Worth,26,16.05
2025-04-14,pizzahut,Pizza Hut,21513.08,1040,20.69,9940.65,0.4621,64.89,48.26,denver_co,Denver,27,16.63
2025-04-14,pizzahut,Pizza Hut,24333.95,1078,22.57,11280.61,0.4636,64.47,47.98,los_angeles_ca,Los Angeles,28,16.48
2025-04-14,pizzahut,Pizza Hut,20190.75,978,20.64,9332.32,0.4622,65.26,48.98,miami_fl,Miami,28,16.28
2025-04-14,pizzahut,Pizza Hut,19503.62,966,20.19,8962.99,0.4596,64.87,48.98,minneapolis_mn,Minneapolis,25,15.88
2025-04-14,pizzahut,Pizza Hut,17545.21,890,19.71,8089.83,0.4611,63.88,47.75,nashville_tn,Nashville,24,16.12
2025-04-14,pizzahut,Pizza Hut,23390.56,989,23.65,10888.18,0.4655,63.78,47.3,new_york_ny,New York City,26,16.49
2025-04-14,pizzahut,Pizza Hut,18373.24,935,19.65,8457.58,0.4603,64.51,48.51,phoenix_az,Phoenix,25,16.0
2025-04-14,pizzahut,Pizza Hut,21461.99,963,22.29,9912.1,0.4618,64.84,48.76,seattle_wa,Seattle,24,16.08
2025-04-21,pizzahut,Pizza Hut,24628.47,1294,19.03,11300.99,0.4589,65.34,49.15,atlanta_ga,Atlanta,32,16.18
2025-04-21,pizzahut,Pizza Hut,23979.88,1252,19.15,11003.72,0.4589,65.39,49.36,charlotte_nc,Charlotte,32,16.03
2025-04-21,pizzahut,Pizza Hut,19027.42,982,19.38,8787.21,0.4618,64.7,48.64,chicago_il,Chicago,25,16.06
2025-04-21,pizzahut,Pizza Hut,21249.64,1092,19.46,9791.93,0.4608,64.29,48.04,dallas_tx,Dallas-Fort Worth,26,16.25
2025-04-21,pizzahut,Pizza Hut,21572.81,1091,19.77,9951.21,0.4613,65.25,48.72,denver_co,Denver,27,16.54
2025-04-21,pizzahut,Pizza Hut,24992.06,1149,21.75,11574.04,0.4631,64.04,48.02,los_angeles_ca,Los Angeles,28,16.02
2025-04-21,pizzahut,Pizza Hut,20374.04,1051,19.39,9455.99,0.4641,64.21,47.79,miami_fl,Miami,28,16.42
2025-04-21,pizzahut,Pizza Hut,19612.45,1029,19.06,9043.25,0.4611,64.75,48.7,minneapolis_mn,Minneapolis,25,16.05
2025-04-21,pizzahut,Pizza Hut,17631.71,963,18.31,8146.76,0.4621,64.0,47.67,nashville_tn,Nashville,24,16.33
2025-04-21,pizzahut,Pizza Hut,24176.32,1117,21.64,11212.42,0.4638,64.61,48.31,new_york_ny,New York City,26,16.3
2025-04-21,pizzahut,Pizza Hut,18790.66,978,19.21,8645.19,0.4601,64.97,48.9,phoenix_az,Phoenix,25,16.07
2025-04-21,pizzahut,Pizza Hut,21268.72,1021,20.83,9842.18,0.4628,64.53,48.24,seattle_wa,Seattle,24,16.29
2025-04-28,pizzahut,Pizza Hut,24177.45,1206,20.05,11080.78,0.4583,64.99,49.36,atlanta_ga,Atlanta,32,15.64
2025-04-28,pizzahut,Pizza Hut,24161.24,1226,19.71,11091.67,0.4591,64.99,49.01,charlotte_nc,Charlotte,32,15.98
2025-04-28,pizzahut,Pizza Hut,18873.46,932,20.25,8722.8,0.4622,64.79,48.61,chicago_il,Chicago,25,16.17
2025-04-28,pizzahut,Pizza Hut,21089.9,1046,20.16,9716.4,0.4607,64.41,48.01,dallas_tx,Dallas-Fort Worth,26,16.4
2025-04-28,pizzahut,Pizza Hut,21279.38,1042,20.42,9816.88,0.4613,64.84,48.62,denver_co,Denver,27,16.22
2025-04-28,pizzahut,Pizza Hut,24699.7,1104,22.37,11402.78,0.4617,64.8,48.97,los_angeles_ca,Los Angeles,28,15.83
2025-04-28,pizzahut,Pizza Hut,20216.64,993,20.36,9334.82,0.4617,64.79,48.78,miami_fl,Miami,28,16.01
2025-04-28,pizzahut,Pizza Hut,19201.65,969,19.82,8825.9,0.4596,65.19,49.11,minneapolis_mn,Minneapolis,25,16.08
2025-04-28,pizzahut,Pizza Hut,17894.12,924,19.37,8221.95,0.4595,64.46,48.68,nashville_tn,Nashville,24,15.78
2025-04-28,pizzahut,Pizza Hut,23946.17,1031,23.23,11090.77,0.4632,64.99,48.73,new_york_ny,New York City,26,16.25
2025-04-28,pizzahut,Pizza Hut,18419.09,919,20.04,8450.33,0.4588,65.09,49.17,phoenix_az,Phoenix,25,15.92
2025-04-28,pizzahut,Pizza Hut,21264.87,978,21.74,9807.14,0.4612,64.7,48.75,seattle_wa,Seattle,24,15.95
2025-05-05,pizzahut,Pizza Hut,24375.46,1247,19.55,11156.65,0.4577,65.51,49.55,atlanta_ga,Atlanta,32,15.96
2025-05-05,pizzahut,Pizza Hut,23747.12,1221,19.45,10933.35,0.4604,65.08,48.31,charlotte_nc,Charlotte,32,16.77
2025-05-05,pizzahut,Pizza Hut,18836.01,912,20.65,8702.2,0.462,64.58,48.45,chicago_il,Chicago,25,16.14
2025-05-05,pizzahut,Pizza Hut,21389.3,1054,20.29,9798.19,0.4581,65.25,49.14,dallas_tx,Dallas-Fort Worth,26,16.1
2025-05-05,pizzahut,Pizza Hut,21541.14,1030,20.91,9906.32,0.4599,65.8,49.39,denver_co,Denver,27,16.41
2025-05-05,pizzahut,Pizza Hut,24536.59,1082,22.68,11335.06,0.462,64.61,48.32,los_angeles_ca,Los Angeles,28,16.29
2025-05-05,pizzahut,Pizza Hut,19992.35,981,20.38,9279.45,0.4642,64.36,48.03,miami_fl,Miami,28,16.33
2025-05-05,pizzahut,Pizza Hut,19162.22,963,19.9,8832.91,0.461,64.56,48.44,minneapolis_mn,Minneapolis,25,16.12
2025-05-05,pizzahut,Pizza Hut,17825.46,905,19.7,8174.15,0.4586,65.17,48.92,nashville_tn,Nashville,24,16.25
2025-05-05,pizzahut,Pizza Hut,23792.81,1027,23.17,11000.54,0.4623,64.74,48.88,new_york_ny,New York City,26,15.86
2025-05-05,pizzahut,Pizza Hut,18284.32,904,20.23,8441.64,0.4617,64.01,47.92,phoenix_az,Phoenix,25,16.1
2025-05-05,pizzahut,Pizza Hut,20797.62,961,21.64,9631.65,0.4631,64.12,48.02,seattle_wa,Seattle,24,16.1
2025-05-12,pizzahut,Pizza Hut,23843.62,1195,19.95,10987.64,0.4608,64.73,48.29,atlanta_ga,Atlanta,32,16.44
2025-05-12,pizzahut,Pizza Hut,23880.11,1203,19.85,10947.93,0.4585,65.36,49.35,charlotte_nc,Charlotte,32,16.01
2025-05-12,pizzahut,Pizza Hut,18493.11,905,20.43,8521.39,0.4608,65.23,49.28,chicago_il,Chicago,25,15.95
2025-05-12,pizzahut,Pizza Hut,21123.76,1054,20.04,9689.76,0.4587,65.24,48.77,dallas_tx,Dallas-Fort Worth,26,16.46
2025-05-12,pizzahut,Pizza Hut,21540.41,1045,20.61,9939.87,0.4615,64.59,48.72,denver_co,Denver,27,15.87
2025-05-12,pizzahut,Pizza Hut,23941.74,1052,22.76,11067.71,0.4623,64.73,48.55,los_angeles_ca,Los Angeles,28,16.19
2025-05-12,pizzahut,Pizza Hut,20229.16,987,20.5,9356.09,0.4625,65.02,48.41,miami_fl,Miami,28,16.61
2025-05-12,pizzahut,Pizza Hut,19162.81,967,19.82,8848.32,0.4617,63.98,48.0,minneapolis_mn,Minneapolis,25,15.98
2025-05-12,pizzahut,Pizza Hut,17573.15,913,19.25,8114.59,0.4618,64.24,47.98,nashville_tn,Nashville,24,16.26
2025-05-12,pizzahut,Pizza Hut,23773.66,1016,23.4,11008.42,0.4631,64.77,48.61,new_york_ny,New York City,26,16.16
2025-05-12,pizzahut,Pizza Hut,18366.82,922,19.92,8476.45,0.4615,64.27,48.06,phoenix_az,Phoenix,25,16.21
2025-05-12,pizzahut,Pizza Hut,20881.33,939,22.24,9642.58,0.4618,64.93,48.7,seattle_wa,Seattle,24,16.23
2025-05-19,pizzahut,Pizza Hut,23950.27,1254,19.1,11010.49,0.4597,65.32,48.83,atlanta_ga,Atlanta,32,16.49
2025-05-19,pizzahut,Pizza Hut,23946.36,1269,18.87,11022.32,0.4603,65.09,48.39,charlotte_nc,Charlotte,32,16.7
2025-05-19,pizzahut,Pizza Hut,18807.24,959,19.61,8749.82,0.4652,63.34,46.8,chicago_il,Chicago,25,16.54
2025-05-19,pizzahut,Pizza Hut,21349.8,1132,18.86,9803.02,0.4592,64.66,49.05,dallas_tx,Dallas-Fort Worth,26,15.61
2025-05-19,pizzahut,Pizza Hut,22025.11,1110,19.84,10180.03,0.4622,64.45,47.98,denver_co,Denver,27,16.47
2025-05-19,pizzahut,Pizza Hut,24578.42,1117,22.0,11395.08,0.4636,63.96,47.87,los_angeles_ca,Los Angeles,28,16.08
2025-05-19,pizzahut,Pizza Hut,20130.5,1019,19.76,9374.48,0.4657,63.68,46.85,miami_fl,Miami,28,16.83
2025-05-19,pizzahut,Pizza Hut,19350.34,1031,18.77,8926.53,0.4613,64.15,48.32,minneapolis_mn,Minneapolis,25,15.83
2025-05-19,pizzahut,Pizza Hut,17906.37,944,18.97,8243.63,0.4604,64.54,48.29,nashville_tn,Nashville,24,16.25
2025-05-19,pizzahut,Pizza Hut,23715.11,1073,22.1,11035.62,0.4653,63.59,47.44,new_york_ny,New York City,26,16.15
2025-05-19,pizzahut,Pizza Hut,18624.84,991,18.79,8565.34,0.4599,65.0,48.98,phoenix_az,Phoenix,25,16.02
2025-05-19,pizzahut,Pizza Hut,21230.5,984,21.58,9783.04,0.4608,65.19,49.14,seattle_wa,Seattle,24,16.05
2025-05-26,pizzahut,Pizza Hut,24246.38,1237,19.6,11151.86,0.4599,65.09,48.58,atlanta_ga,Atlanta,32,16.51
2025-05-26,pizzahut,Pizza Hut,23995.61,1229,19.52,11039.73,0.4601,64.85,48.54,charlotte_nc,Charlotte,32,16.31
2025-05-26,pizzahut,Pizza Hut,18772.18,923,20.34,8692.3,0.463,64.11,47.95,chicago_il,Chicago,25,16.16
2025-05-26,pizzahut,Pizza Hut,21118.13,1036,20.38,9674.72,0.4581,65.18,49.09,dallas_tx,Dallas-Fort Worth,26,16.1
2025-05-26,pizzahut,Pizza Hut,21379.05,1028,20.8,9864.49,0.4614,64.58,48.25,denver_co,Denver,27,16.33
2025-05-26,pizzahut,Pizza Hut,24586.86,1070,22.98,11355.88,0.4619,64.45,48.44,los_angeles_ca,Los Angeles,28,16.02
2025-05-26,pizzahut,Pizza Hut,20248.31,1009,20.07,9375.92,0.463,64.96,48.61,miami_fl,Miami,28,16.35
2025-05-26,pizzahut,Pizza Hut,19244.13,976,19.72,8891.39,0.462,64.47,47.79,minneapolis_mn,Minneapolis,25,16.67
2025-05-26,pizzahut,Pizza Hut,17436.85,911,19.14,8024.68,0.4602,65.33,48.55,nashville_tn,Nashville,24,16.78
2025-05-26,pizzahut,Pizza Hut,23867.84,1017,23.47,11042.51,0.4627,64.79,48.4,new_york_ny,New York City,26,16.38
2025-05-26,pizzahut,Pizza Hut,18350.95,929,19.75,8453.64,0.4607,64.61,48.3,phoenix_az,Phoenix,25,16.31
2025-05-26,pizzahut,Pizza Hut,20873.98,942,22.16,9625.11,0.4611,64.79,48.91,seattle_wa,Seattle,24,15.88
2025-06-02,pizzahut,Pizza Hut,24196.61,1221,19.82,11125.48,0.4598,64.84,48.63,atlanta_ga,Atlanta,32,16.21
2025-06-02,pizzahut,Pizza Hut,24249.67,1245,19.48,11112.76,0.4583,65.35,49.55,charlotte_nc,Charlotte,32,15.8
2025-06-02,pizzahut,Pizza Hut,19102.14,918,20.81,8805.25,0.461,64.89,48.59,chicago_il,Chicago,25,16.29
2025-06-02,pizzahut,Pizza Hut,20929.77,1025,20.42,9620.4,0.4597,64.38,48.48,dallas_tx,Dallas-Fort Worth,26,15.9
2025-06-02,pizzahut,Pizza Hut,21488.19,1041,20.64,9931.39,0.4622,64.87,48.32,denver_co,Denver,27,16.55
2025-06-02,pizzahut,Pizza Hut,24272.89,1064,22.81,11195.35,0.4612,64.97,48.96,los_angeles_ca,Los Angeles,28,16.01
2025-06-02,pizzahut,Pizza Hut,20176.31,996,20.26,9344.07,0.4631,64.86,48.45,miami_fl,Miami,28,16.4
2025-06-02,pizzahut,Pizza Hut,19131.58,954,20.05,8816.9,0.4609,64.74,48.44,minneapolis_mn,Minneapolis,25,16.3
2025-06-02,pizzahut,Pizza Hut,17678.76,903,19.58,8126.07,0.4597,65.19,48.77,nashville_tn,Nashville,24,16.42
2025-06-02,pizzahut,Pizza Hut,23915.89,1034,23.13,11035.43,0.4614,65.67,49.49,new_york_ny,New York City,26,16.18
2025-06-02,pizzahut,Pizza Hut,18437.81,939,19.64,8484.33,0.4602,65.17,48.86,phoenix_az,Phoenix,25,16.3
2025-06-02,pizzahut,Pizza Hut,20987.03,966,21.73,9700.28,0.4622,64.94,48.45,seattle_wa,Seattle,24,16.49
2025-06-09,pizzahut,Pizza Hut,23928.19,1232,19.42,11000.9,0.4597,64.63,48.66,atlanta_ga,Atlanta,32,15.97
2025-06-09,pizzahut,Pizza Hut,23701.97,1208,19.62,10936.22,0.4614,64.26,47.95,charlotte_nc,Charlotte,32,16.31
2025-06-09,pizzahut,Pizza Hut,19087.8,936,20.39,8813.81,0.4618,64.56,48.48,chicago_il,Chicago,25,16.09
2025-06-09,pizzahut,Pizza Hut,20541.41,1022,20.1,9440.31,0.4596,64.7,48.75,dallas_tx,Dallas-Fort Worth,26,15.95
2025-06-09,pizzahut,Pizza Hut,21716.67,1050,20.68,10011.36,0.461,64.77,48.74,denver_co,Denver,27,16.04
2025-06-09,pizzahut,Pizza Hut,24531.59,1088,22.55,11312.31,0.4611,64.58,48.82,los_angeles_ca,Los Angeles,28,15.76
2025-06-09,pizzahut,Pizza Hut,20194.18,1014,19.92,9352.16,0.4631,64.34,48.12,miami_fl,Miami,28,16.22
2025-06-09,pizzahut,Pizza Hut,19249.97,956,20.14,8883.5,0.4615,64.64,48.26,minneapolis_mn,Minneapolis,25,16.38
2025-06-09,pizzahut,Pizza Hut,17819.07,900,19.8,8198.02,0.4601,64.38,48.42,nashville_tn,Nashville,24,15.97
2025-06-09,pizzahut,Pizza Hut,23452.26,1029,22.79,10881.8,0.464,64.53,48.09,new_york_ny,New York City,26,16.43
2025-06-09,pizzahut,Pizza Hut,18554.25,957,19.39,8510.88,0.4587,65.38,49.41,phoenix_az,Phoenix,25,15.97
2025-06-09,pizzahut,Pizza Hut,21344.13,979,21.8,9853.29,0.4616,65.03,48.77,seattle_wa,Seattle,24,16.26
2025-06-16,pizzahut,Pizza Hut,24099.95,1233,19.55,11083.46,0.4599,64.85,48.83,atlanta_ga,Atlanta,32,16.02
2025-06-16,pizzahut,Pizza Hut,23772.27,1189,19.99,10936.41,0.46,64.71,48.66,charlotte_nc,Charlotte,32,16.05
2025-06-16,pizzahut,Pizza Hut,18725.83,914,20.49,8652.72,0.4621,64.51,48.47,chicago_il,Chicago,25,16.04
2025-06-16,pizzahut,Pizza Hut,20612.61,1038,19.86,9500.38,0.4609,64.52,48.09,dallas_tx,Dallas-Fort Worth,26,16.43
2025-06-16,pizzahut,Pizza Hut,21230.24,1025,20.71,9821.98,0.4626,64.28,48.11,denver_co,Denver,27,16.16
2025-06-16,pizzahut,Pizza Hut,24347.68,1074,22.67,11240.91,0.4617,65.23,48.88,los_angeles_ca,Los Angeles,28,16.35
2025-06-16,pizzahut,Pizza Hut,20070.25,981,20.46,9304.29,0.4636,64.59,47.98,miami_fl,Miami,28,16.61
2025-06-16,pizzahut,Pizza Hut,18958.14,974,19.46,8752.92,0.4617,64.36,48.37,minneapolis_mn,Minneapolis,25,15.99
2025-06-16,pizzahut,Pizza Hut,17549.83,914,19.2,8070.15,0.4598,65.38,48.7,nashville_tn,Nashville,24,16.68
2025-06-16,pizzahut,Pizza Hut,23646.02,1013,23.34,10934.45,0.4624,65.3,49.04,new_york_ny,New York City,26,16.25
2025-06-16,pizzahut,Pizza Hut,18457.85,937,19.7,8523.31,0.4618,64.15,47.86,phoenix_az,Phoenix,25,16.29
2025-06-16,pizzahut,Pizza Hut,21396.89,977,21.9,9862.43,0.4609,65.04,48.99,seattle_wa,Seattle,24,16.05
2025-06-23,pizzahut,Pizza Hut,23950.34,1219,19.65,11047.37,0.4613,64.34,48.18,atlanta_ga,Atlanta,32,16.15
2025-06-23,pizzahut,Pizza Hut,24051.32,1215,19.8,11087.23,0.461,64.74,48.17,charlotte_nc,Charlotte,32,16.57
2025-06-23,pizzahut,Pizza Hut,18738.07,921,20.35,8672.52,0.4628,64.3,48.0,chicago_il,Chicago,25,16.3
2025-06-23,pizzahut,Pizza Hut,20340.46,1013,20.08,9381.95,0.4612,64.55,48.12,dallas_tx,Dallas-Fort Worth,26,16.43
2025-06-23,pizzahut,Pizza Hut,21230.51,1026,20.69,9775.01,0.4604,65.18,49.09,denver_co,Denver,27,16.09
2025-06-23,pizzahut,Pizza Hut,24452.07,1134,21.56,11329.9,0.4634,64.57,48.01,los_angeles_ca,Los Angeles,28,16.56
2025-06-23,pizzahut,Pizza Hut,20369.1,1049,19.42,9454.07,0.4641,64.0,47.91,miami_fl,Miami,28,16.08
2025-06-23,pizzahut,Pizza Hut,19142.94,953,20.09,8841.43,0.4619,64.19,47.99,minneapolis_mn,Minneapolis,25,16.2
2025-06-23,pizzahut,Pizza Hut,17607.27,906,19.43,8095.89,0.4598,65.21,48.91,nashville_tn,Nashville,24,16.31
2025-06-23,pizzahut,Pizza Hut,24100.79,1078,22.36,11178.58,0.4638,64.7,48.18,new_york_ny,New York City,26,16.52
2025-06-23,pizzahut,Pizza Hut,18499.07,923,20.04,8523.46,0.4608,64.62,48.43,phoenix_az,Phoenix,25,16.19
2025-06-23,pizzahut,Pizza Hut,21162.12,951,22.25,9780.98,0.4622,64.79,48.34,seattle_wa,Seattle,24,16.45
2025-06-30,pizzahut,Pizza Hut,24018.08,1220,19.69,11013.61,0.4586,65.12,49.35,atlanta_ga,Atlanta,32,15.77
2025-06-30,pizzahut,Pizza Hut,24136.98,1230,19.62,11055.96,0.4581,65.57,49.51,charlotte_nc,Charlotte,32,16.06
2025-06-30,pizzahut,Pizza Hut,18948.33,915,20.71,8728.61,0.4607,65.05,48.89,chicago_il,Chicago,25,16.15
2025-06-30,pizzahut,Pizza Hut,20695.33,1039,19.92,9495.79,0.4588,65.15,48.91,dallas_tx,Dallas-Fort Worth,26,16.25
2025-06-30,pizzahut,Pizza Hut,21253.4,1046,20.32,9834.15,0.4627,64.6,48.56,denver_co,Denver,27,16.04
2025-06-30,pizzahut,Pizza Hut,24593.5,1082,22.73,11335.85,0.4609,65.1,49.09,los_angeles_ca,Los Angeles,28,16.01
2025-06-30,pizzahut,Pizza Hut,20039.99,989,20.26,9294.72,0.4638,64.49,48.0,miami_fl,Miami,28,16.49
2025-06-30,pizzahut,Pizza Hut,19064.74,967,19.72,8833.13,0.4633,63.69,47.1,minneapolis_mn,Minneapolis,25,16.59
2025-06-30,pizzahut,Pizza Hut,17362.03,891,19.49,7994.51,0.4605,64.24,48.35,nashville_tn,Nashville,24,15.88
2025-06-30,pizzahut,Pizza Hut,23684.68,1009,23.47,10947.45,0.4622,64.84,48.86,new_york_ny,New York City,26,15.98
2025-06-30,pizzahut,Pizza Hut,18440.66,945,19.51,8513.81,0.4617,64.45,47.9,phoenix_az,Phoenix,25,16.55
2025-06-30,pizzahut,Pizza Hut,20728.03,924,22.43,9565.33,0.4615,64.75,48.75,seattle_wa,Seattle,24,16.0
2025-07-07,pizzahut,Pizza Hut,23946.89,1217,19.68,11011.17,0.4598,65.07,48.7,atlanta_ga,Atlanta,32,16.38
2025-07-07,pizzahut,Pizza Hut,23894.69,1212,19.72,10994.92,0.4601,64.93,48.61,charlotte_nc,Charlotte,32,16.32
2025-07-07,pizzahut,Pizza Hut,18803.71,924,20.35,8683.94,0.4618,64.13,48.5,chicago_il,Chicago,25,15.63
2025-07-07,pizzahut,Pizza Hut,20816.46,1026,20.29,9570.21,0.4597,64.84,48.29,dallas_tx,Dallas-Fort Worth,26,16.55
2025-07-07,pizzahut,Pizza Hut,21419.25,1041,20.58,9891.99,0.4618,64.83,48.43,denver_co,Denver,27,16.4
2025-07-07,pizzahut,Pizza Hut,24599.17,1069,23.01,11352.4,0.4615,65.24,48.88,los_angeles_ca,Los Angeles,28,16.36
2025-07-07,pizzahut,Pizza Hut,20387.3,1003,20.33,9414.86,0.4618,65.09,48.96,miami_fl,Miami,28,16.13
2025-07-07,pizzahut,Pizza Hut,19042.35,961,19.82,8793.73,0.4618,63.85,48.02,minneapolis_mn,Minneapolis,25,15.83
2025-07-07,pizzahut,Pizza Hut,17678.59,914,19.34,8126.9,0.4597,64.99,49.03,nashville_tn,Nashville,24,15.96
2025-07-07,pizzahut,Pizza Hut,23460.82,1039,22.58,10886.99,0.464,64.21,48.33,new_york_ny,New York City,26,15.88
2025-07-07,pizzahut,Pizza Hut,18055.31,919,19.65,8335.37,0.4617,64.63,47.94,phoenix_az,Phoenix,25,16.69
2025-07-07,pizzahut,Pizza Hut,21210.68,978,21.69,9801.87,0.4621,64.38,48.66,seattle_wa,Seattle,24,15.72
2025-07-14,pizzahut,Pizza Hut,24152.4,1230,19.64,11098.57,0.4595,65.03,48.58,atlanta_ga,Atlanta,32,16.46
2025-07-14,pizzahut,Pizza Hut,24257.13,1229,19.74,11111.33,0.4581,65.5,49.42,charlotte_nc,Charlotte,32,16.08
2025-07-14,pizzahut,Pizza Hut,18894.48,939,20.12,8729.63,0.462,64.68,48.19,chicago_il,Chicago,25,16.49
2025-07-14,pizzahut,Pizza Hut,21083.31,1051,20.06,9676.58,0.459,65.17,48.4,dallas_tx,Dallas-Fort Worth,26,16.77
2025-07-14,pizzahut,Pizza Hut,21357.06,1036,20.61,9839.24,0.4607,64.58,48.87,denver_co,Denver,27,15.71
2025-07-14,pizzahut,Pizza Hut,24126.17,1061,22.74,11136.15,0.4616,65.14,48.91,los_angeles_ca,Los Angeles,28,16.23
2025-07-14,pizzahut,Pizza Hut,20120.5,991,20.3,9296.03,0.462,65.07,49.08,miami_fl,Miami,28,15.99
2025-07-14,pizzahut,Pizza Hut,18994.6,946,20.08,8759.35,0.4611,64.37,48.62,minneapolis_mn,Minneapolis,25,15.74
2025-07-14,pizzahut,Pizza Hut,17643.39,908,19.43,8099.43,0.4591,64.85,49.05,nashville_tn,Nashville,24,15.8
2025-07-14,pizzahut,Pizza Hut,23652.09,1017,23.26,10933.48,0.4623,64.87,48.9,new_york_ny,New York City,26,15.98
2025-07-14,pizzahut,Pizza Hut,18416.97,925,19.91,8477.02,0.4603,64.85,48.58,phoenix_az,Phoenix,25,16.27
2025-07-14,pizzahut,Pizza Hut,20782.94,948,21.92,9630.47,0.4634,64.15,47.85,seattle_wa,Seattle,24,16.3
2025-07-21,pizzahut,Pizza Hut,23980.92,1205,19.9,11022.14,0.4596,64.2,48.53,atlanta_ga,Atlanta,32,15.67
2025-07-21,pizzahut,Pizza Hut,23774.05,1199,19.83,10941.71,0.4602,64.64,48.59,charlotte_nc,Charlotte,32,16.05
2025-07-21,pizzahut,Pizza Hut,18895.54,939,20.12,8722.24,0.4616,64.32,48.35,chicago_il,Chicago,25,15.97
2025-07-21,pizzahut,Pizza Hut,21010.64,1037,20.26,9649.48,0.4593,64.94,48.72,dallas_tx,Dallas-Fort Worth,26,16.23
2025-07-21,pizzahut,Pizza Hut,21277.83,1050,20.26,9846.11,0.4627,64.35,48.07,denver_co,Denver,27,16.28
2025-07-21,pizzahut,Pizza Hut,24845.04,1131,21.97,11473.48,0.4618,64.48,48.76,los_angeles_ca,Los Angeles,28,15.72
2025-07-21,pizzahut,Pizza Hut,20289.86,1030,19.7,9404.51,0.4635,64.43,48.09,miami_fl,Miami,28,16.35
2025-07-21,pizzahut,Pizza Hut,19202.71,951,20.19,8850.81,0.4609,64.91,48.58,minneapolis_mn,Minneapolis,25,16.33
2025-07-21,pizzahut,Pizza Hut,17481.48,907,19.27,8050.51,0.4605,64.74,48.56,nashville_tn,Nashville,24,16.18
2025-07-21,pizzahut,Pizza Hut,23718.92,1061,22.36,11036.74,0.4653,63.94,47.36,new_york_ny,New York City,26,16.58
2025-07-21,pizzahut,Pizza Hut,18122.88,923,19.63,8351.6,0.4608,64.76,48.69,phoenix_az,Phoenix,25,16.07
2025-07-21,pizzahut,Pizza Hut,21099.44,959,22.0,9747.22,0.462,64.63,48.59,seattle_wa,Seattle,24,16.04
2025-07-28,pizzahut,Pizza Hut,23724.85,1214,19.54,10924.99,0.4605,65.03,48.33,atlanta_ga,Atlanta,32,16.7
2025-07-28,pizzahut,Pizza Hut,23780.05,1214,19.59,10946.36,0.4603,64.85,48.48,charlotte_nc,Charlotte,32,16.37
2025-07-28,pizzahut,Pizza Hut,18852.5,921,20.47,8708.04,0.4619,64.35,48.5,chicago_il,Chicago,25,15.84
2025-07-28,pizzahut,Pizza Hut,20701.59,1017,20.36,9502.61,0.459,65.43,49.15,dallas_tx,Dallas-Fort Worth,26,16.28
2025-07-28,pizzahut,Pizza Hut,21113.48,1024,20.62,9710.31,0.4599,64.97,48.96,denver_co,Denver,27,16.01
2025-07-28,pizzahut,Pizza Hut,24715.48,1068,23.14,11390.09,0.4608,65.19,49.12,los_angeles_ca,Los Angeles,28,16.08
2025-07-28,pizzahut,Pizza Hut,20268.99,998,20.31,9378.76,0.4627,64.97,48.44,miami_fl,Miami,28,16.53
2025-07-28,pizzahut,Pizza Hut,18969.32,950,19.97,8744.49,0.461,64.4,48.55,minneapolis_mn,Minneapolis,25,15.85
2025-07-28,pizzahut,Pizza Hut,17394.19,905,19.22,7991.87,0.4595,64.97,48.82,nashville_tn,Nashville,24,16.15
2025-07-28,pizzahut,Pizza Hut,23909.52,1018,23.49,11057.21,0.4625,64.36,48.67,new_york_ny,New York City,26,15.69
2025-07-28,pizzahut,Pizza Hut,18042.48,927,19.46,8334.83,0.462,64.34,47.93,phoenix_az,Phoenix,25,16.41
2025-07-28,pizzahut,Pizza Hut,21122.76,960,22.0,9781.08,0.4631,64.07,47.86,seattle_wa,Seattle,24,16.21
2025-08-04,pizzahut,Pizza Hut,24884.39,1238,20.1,11405.38,0.4583,64.99,49.09,atlanta_ga,Atlanta,32,15.9
2025-08-04,pizzahut,Pizza Hut,24642.88,1243,19.83,11277.73,0.4576,65.33,49.66,charlotte_nc,Charlotte,32,15.68
2025-08-04,pizzahut,Pizza Hut,19179.29,916,20.94,8870.61,0.4625,64.72,47.9,chicago_il,Chicago,25,16.82
2025-08-04,pizzahut,Pizza Hut,21811.09,1064,20.5,9992.77,0.4582,64.88,48.57,dallas_tx,Dallas-Fort Worth,26,16.31
2025-08-04,pizzahut,Pizza Hut,22105.01,1051,21.03,10206.22,0.4617,64.97,48.16,denver_co,Denver,27,16.82
2025-08-04,pizzahut,Pizza Hut,24848.58,1085,22.9,11475.76,0.4618,65.0,48.56,los_angeles_ca,Los Angeles,28,16.45
2025-08-04,pizzahut,Pizza Hut,20840.79,1012,20.59,9643.32,0.4627,64.42,48.17,miami_fl,Miami,28,16.25
2025-08-04,pizzahut,Pizza Hut,19555.67,972,20.12,9002.91,0.4604,64.88,48.8,minneapolis_mn,Minneapolis,25,16.08
2025-08-04,pizzahut,Pizza Hut,17735.22,922,19.24,8167.11,0.4605,64.53,48.39,nashville_tn,Nashville,24,16.14
2025-08-04,pizzahut,Pizza Hut,24374.27,1018,23.94,11265.48,0.4622,64.87,48.75,new_york_ny,New York City,26,16.12
2025-08-04,pizzahut,Pizza Hut,18949.38,968,19.58,8698.98,0.4591,64.87,48.96,phoenix_az,Phoenix,25,15.91
2025-08-04,pizzahut,Pizza Hut,21571.17,954,22.61,9958.63,0.4617,64.52,48.65,seattle_wa,Seattle,24,15.87
2025-08-11,pizzahut,Pizza Hut,24928.6,1276,19.54,11482.88,0.4606,64.1,48.19,atlanta_ga,Atlanta,32,15.91
2025-08-11,pizzahut,Pizza Hut,24770.86,1255,19.74,11357.32,0.4585,64.98,49.14,charlotte_nc,Charlotte,32,15.84
2025-08-11,pizzahut,Pizza Hut,19328.28,934,20.69,8917.41,0.4614,64.74,48.44,chicago_il,Chicago,25,16.3
2025-08-11,pizzahut,Pizza Hut,21869.15,1083,20.19,10022.65,0.4583,65.54,48.96,dallas_tx,Dallas-Fort Worth,26,16.58
2025-08-11,pizzahut,Pizza Hut,22000.9,1048,20.99,10134.8,0.4607,65.35,48.95,denver_co,Denver,27,16.4
2025-08-11,pizzahut,Pizza Hut,25439.64,1126,22.59,11738.24,0.4614,65.02,48.62,los_angeles_ca,Los Angeles,28,16.4
2025-08-11,pizzahut,Pizza Hut,20786.55,1004,20.7,9604.33,0.462,64.83,48.9,miami_fl,Miami,28,15.93
2025-08-11,pizzahut,Pizza Hut,19905.78,980,20.31,9171.86,0.4608,64.4,48.24,minneapolis_mn,Minneapolis,25,16.16
2025-08-11,pizzahut,Pizza Hut,18233.96,938,19.44,8360.97,0.4585,64.93,49.1,nashville_tn,Nashville,24,15.83
2025-08-11,pizzahut,Pizza Hut,24181.62,1022,23.66,11198.43,0.4631,63.88,47.87,new_york_ny,New York City,26,16.01
2025-08-11,pizzahut,Pizza Hut,19123.04,964,19.84,8802.88,0.4603,64.76,48.41,phoenix_az,Phoenix,25,16.35
2025-08-11,pizzahut,Pizza Hut,21517.79,966,22.28,9937.31,0.4618,64.31,48.29,seattle_wa,Seattle,24,16.02
2025-08-18,pizzahut,Pizza Hut,24871.63,1262,19.71,11437.05,0.4598,64.74,48.16,atlanta_ga,Atlanta,32,16.58
2025-08-18,pizzahut,Pizza Hut,24635.63,1260,19.55,11311.76,0.4592,65.15,48.85,charlotte_nc,Charlotte,32,16.3
2025-08-18,pizzahut,Pizza Hut,19810.89,955,20.74,9094.24,0.4591,65.23,49.36,chicago_il,Chicago,25,15.88
2025-08-18,pizzahut,Pizza Hut,21149.38,1049,20.16,9713.83,0.4593,64.74,48.72,dallas_tx,Dallas-Fort Worth,26,16.02
2025-08-18,pizzahut,Pizza Hut,21966.68,1068,20.57,10146.91,0.4619,65.03,47.97,denver_co,Denver,27,17.06
2025-08-18,pizzahut,Pizza Hut,25145.93,1138,22.1,11638.65,0.4628,64.73,48.14,los_angeles_ca,Los Angeles,28,16.6
2025-08-18,pizzahut,Pizza Hut,20944.26,1030,20.33,9676.34,0.462,64.41,48.36,miami_fl,Miami,28,16.05
2025-08-18,pizzahut,Pizza Hut,20127.5,998,20.17,9228.88,0.4585,65.09,49.02,minneapolis_mn,Minneapolis,25,16.07
2025-08-18,pizzahut,Pizza Hut,17976.36,911,19.73,8280.56,0.4606,64.6,48.15,nashville_tn,Nashville,24,16.45
2025-08-18,pizzahut,Pizza Hut,24317.5,1073,22.66,11290.12,0.4643,64.23,47.71,new_york_ny,New York City,26,16.52
2025-08-18,pizzahut,Pizza Hut,18935.69,944,20.06,8704.21,0.4597,64.59,48.77,phoenix_az,Phoenix,25,15.82
2025-08-18,pizzahut,Pizza Hut,21399.96,968,22.11,9895.74,0.4624,64.3,48.3,seattle_wa,Seattle,24,16.0
2025-08-25,pizzahut,Pizza Hut,24667.93,1261,19.56,11301.66,0.4582,65.71,49.46,atlanta_ga,Atlanta,32,16.25
2025-08-25,pizzahut,Pizza Hut,24637.67,1261,19.54,11351.87,0.4608,64.22,47.86,charlotte_nc,Charlotte,32,16.36
2025-08-25,pizzahut,Pizza Hut,19460.87,955,20.38,8948.54,0.4598,65.14,49.25,chicago_il,Chicago,25,15.9
2025-08-25,pizzahut,Pizza Hut,21570.95,1085,19.88,9877.9,0.4579,65.7,49.41,dallas_tx,Dallas-Fort Worth,26,16.29
2025-08-25,pizzahut,Pizza Hut,22466.29,1093,20.55,10348.49,0.4606,64.87,48.68,denver_co,Denver,27,16.18
2025-08-25,pizzahut,Pizza Hut,25072.33,1094,22.92,11549.08,0.4606,65.48,48.97,los_angeles_ca,Los Angeles,28,16.51
2025-08-25,pizzahut,Pizza Hut,20734.55,1014,20.45,9572.79,0.4617,65.04,48.85,miami_fl,Miami,28,16.19
2025-08-25,pizzahut,Pizza Hut,19896.89,982,20.26,9163.0,0.4605,65.03,48.3,minneapolis_mn,Minneapolis,25,16.72
2025-08-25,pizzahut,Pizza Hut,18325.46,950,19.29,8432.66,0.4602,64.38,48.11,nashville_tn,Nashville,24,16.27
2025-08-25,pizzahut,Pizza Hut,24413.43,1051,23.23,11278.84,0.462,65.0,48.83,new_york_ny,New York City,26,16.17
2025-08-25,pizzahut,Pizza Hut,19062.29,936,20.37,8754.55,0.4593,65.15,49.02,phoenix_az,Phoenix,25,16.13
2025-08-25,pizzahut,Pizza Hut,21604.36,961,22.48,9983.01,0.4621,64.36,48.15,seattle_wa,Seattle,24,16.21
2025-09-01,pizzahut,Pizza Hut,27685.38,1569,17.65,12754.2,0.4607,64.98,48.33,atlanta_ga,Atlanta,32,16.65
2025-09-01,pizzahut,Pizza Hut,27892.65,1573,17.73,12826.14,0.4598,64.85,48.73,charlotte_nc,Charlotte,32,16.12
2025-09-01,pizzahut,Pizza Hut,22091.09,1197,18.46,10179.85,0.4608,64.67,48.68,chicago_il,Chicago,25,15.99
2025-09-01,pizzahut,Pizza Hut,23820.57,1313,18.14,10929.21,0.4588,65.4,49.24,dallas_tx,Dallas-Fort Worth,26,16.15
2025-09-01,pizzahut,Pizza Hut,24925.97,1333,18.7,11495.84,0.4612,64.77,48.32,denver_co,Denver,27,16.44
2025-09-01,pizzahut,Pizza Hut,28325.17,1404,20.17,13074.2,0.4616,64.94,48.83,los_angeles_ca,Los Angeles,28,16.11
2025-09-01,pizzahut,Pizza Hut,23208.91,1254,18.51,10759.85,0.4636,64.04,48.1,miami_fl,Miami,28,15.93
2025-09-01,pizzahut,Pizza Hut,22038.76,1230,17.92,10139.72,0.4601,64.89,48.66,minneapolis_mn,Minneapolis,25,16.23
2025-09-01,pizzahut,Pizza Hut,20222.67,1164,17.37,9269.05,0.4583,65.67,49.38,nashville_tn,Nashville,24,16.29
2025-09-01,pizzahut,Pizza Hut,27647.33,1312,21.07,12776.35,0.4621,65.02,48.85,new_york_ny,New York City,26,16.17
2025-09-01,pizzahut,Pizza Hut,21133.96,1203,17.57,9750.65,0.4614,64.46,47.96,phoenix_az,Phoenix,25,16.5
2025-09-01,pizzahut,Pizza Hut,24230.15,1221,19.84,11206.41,0.4625,64.3,48.3,seattle_wa,Seattle,24,16.01
2025-09-08,pizzahut,Pizza Hut,27616.15,1385,19.94,12649.71,0.4581,65.56,49.39,atlanta_ga,Atlanta,32,16.17
2025-09-08,pizzahut,Pizza Hut,26960.46,1356,19.88,12402.4,0.46,64.81,48.56,charlotte_nc,Charlotte,32,16.25
2025-09-08,pizzahut,Pizza Hut,21340.41,1046,20.4,9838.79,0.461,64.92,48.57,chicago_il,Chicago,25,16.36
2025-09-08,pizzahut,Pizza Hut,23824.56,1169,20.38,10940.04,0.4592,64.55,48.32,dallas_tx,Dallas-Fort Worth,26,16.23
2025-09-08,pizzahut,Pizza Hut,25089.57,1190,21.08,11495.61,0.4582,65.53,49.85,denver_co,Denver,27,15.68
2025-09-08,pizzahut,Pizza Hut,27533.01,1214,22.68,12727.46,0.4623,64.84,48.16,los_angeles_ca,Los Angeles,28,16.69
2025-09-08,pizzahut,Pizza Hut,22750.72,1094,20.8,10482.85,0.4608,65.19,49.08,miami_fl,Miami,28,16.11
2025-09-08,pizzahut,Pizza Hut,21966.35,1085,20.25,10125.78,0.461,64.15,48.32,minneapolis_mn,Minneapolis,25,15.83
2025-09-08,pizzahut,Pizza Hut,19989.01,1033,19.35,9192.37,0.4599,64.8,48.38,nashville_tn,Nashville,24,16.42
2025-09-08,pizzahut,Pizza Hut,26888.02,1175,22.88,12457.45,0.4633,64.51,48.47,new_york_ny,New York City,26,16.04
2025-09-08,pizzahut,Pizza Hut,21138.69,1064,19.87,9701.67,0.459,64.97,49.06,phoenix_az,Phoenix,25,15.9
2025-09-08,pizzahut,Pizza Hut,24208.1,1106,21.89,11158.28,0.4609,64.51,48.99,seattle_wa,Seattle,24,15.52
2025-09-15,pizzahut,Pizza Hut,27465.78,1407,19.52,12626.98,0.4597,64.6,48.55,atlanta_ga,Atlanta,32,16.05
2025-09-15,pizzahut,Pizza Hut,27238.59,1382,19.71,12474.74,0.458,65.42,49.38,charlotte_nc,Charlotte,32,16.03
2025-09-15,pizzahut,Pizza Hut,21474.93,1052,20.41,9895.82,0.4608,64.86,48.75,chicago_il,Chicago,25,16.11
2025-09-15,pizzahut,Pizza Hut,24040.07,1191,20.18,11032.82,0.4589,65.08,48.64,dallas_tx,Dallas-Fort Worth,26,16.44
2025-09-15,pizzahut,Pizza Hut,24160.7,1176,20.54,11122.38,0.4604,65.49,48.79,denver_co,Denver,27,16.7
2025-09-15,pizzahut,Pizza Hut,28319.67,1247,22.71,13037.55,0.4604,65.07,49.08,los_angeles_ca,Los Angeles,28,15.99
2025-09-15,pizzahut,Pizza Hut,22858.18,1143,20.0,10547.74,0.4614,65.31,49.21,miami_fl,Miami,28,16.1
2025-09-15,pizzahut,Pizza Hut,21738.27,1106,19.65,10033.42,0.4616,64.29,48.08,minneapolis_mn,Minneapolis,25,16.2
2025-09-15,pizzahut,Pizza Hut,19825.16,1036,19.14,9136.61,0.4609,64.4,48.02,nashville_tn,Nashville,24,16.38
2025-09-15,pizzahut,Pizza Hut,26619.58,1130,23.56,12342.75,0.4637,64.27,47.9,new_york_ny,New York City,26,16.37
2025-09-15,pizzahut,Pizza Hut,20757.18,1032,20.11,9560.25,0.4606,64.0,48.03,phoenix_az,Phoenix,25,15.97
2025-09-15,pizzahut,Pizza Hut,24234.84,1086,22.32,11172.3,0.461,64.59,48.63,seattle_wa,Seattle,24,15.96
2025-09-22,pizzahut,Pizza Hut,27587.36,1524,18.1,12710.4,0.4607,64.57,48.06,atlanta_ga,Atlanta,32,16.51
2025-09-22,pizzahut,Pizza Hut,27024.22,1511,17.88,12463.69,0.4612,64.46,47.87,charlotte_nc,Charlotte,32,16.59
2025-09-22,pizzahut,Pizza Hut,21816.08,1208,18.06,10081.31,0.4621,64.55,48.3,chicago_il,Chicago,25,16.25
2025-09-22,pizzahut,Pizza Hut,24010.27,1318,18.22,11047.85,0.4601,64.35,48.34,dallas_tx,Dallas-Fort Worth,26,16.01
2025-09-22,pizzahut,Pizza Hut,24491.59,1335,18.35,11343.27,0.4631,64.19,47.84,denver_co,Denver,27,16.35
2025-09-22,pizzahut,Pizza Hut,28357.44,1386,20.46,13122.91,0.4628,64.29,47.95,los_angeles_ca,Los Angeles,28,16.33
2025-09-22,pizzahut,Pizza Hut,22794.89,1255,18.16,10565.94,0.4635,64.53,48.19,miami_fl,Miami,28,16.33
2025-09-22,pizzahut,Pizza Hut,21941.45,1221,17.97,10081.04,0.4595,65.31,49.01,minneapolis_mn,Minneapolis,25,16.29
2025-09-22,pizzahut,Pizza Hut,20000.48,1150,17.39,9234.1,0.4617,63.98,47.75,nashville_tn,Nashville,24,16.23
2025-09-22,pizzahut,Pizza Hut,27719.12,1331,20.83,12841.54,0.4633,64.58,48.45,new_york_ny,New York City,26,16.13
2025-09-22,pizzahut,Pizza Hut,20978.74,1152,18.21,9660.61,0.4605,64.31,48.26,phoenix_az,Phoenix,25,16.05
2025-09-22,pizzahut,Pizza Hut,24402.79,1234,19.78,11288.05,0.4626,64.36,48.32,seattle_wa,Seattle,24,16.05
2025-09-29,pizzahut,Pizza Hut,27543.9,1400,19.67,12638.51,0.4588,65.12,48.77,atlanta_ga,Atlanta,32,16.35
2025-09-29,pizzahut,Pizza Hut,27676.48,1376,20.11,12706.77,0.4591,64.77,48.81,charlotte_nc,Charlotte,32,15.96
2025-09-29,pizzahut,Pizza Hut,21380.95,1046,20.44,9834.59,0.46,65.04,49.33,chicago_il,Chicago,25,15.71
2025-09-29,pizzahut,Pizza Hut,23542.42,1179,19.97,10821.96,0.4597,64.77,48.47,dallas_tx,Dallas-Fort Worth,26,16.3
2025-09-29,pizzahut,Pizza Hut,24543.86,1183,20.75,11295.76,0.4602,64.99,48.97,denver_co,Denver,27,16.02
2025-09-29,pizzahut,Pizza Hut,28249.68,1249,22.62,13009.15,0.4605,64.93,48.77,los_angeles_ca,Los Angeles,28,16.16
2025-09-29,pizzahut,Pizza Hut,22927.25,1137,20.16,10585.56,0.4617,64.82,48.63,miami_fl,Miami,28,16.19
2025-09-29,pizzahut,Pizza Hut,21679.96,1088,19.93,9982.17,0.4604,64.64,48.32,minneapolis_mn,Minneapolis,25,16.32
2025-09-29,pizzahut,Pizza Hut,19897.3,1025,19.41,9166.48,0.4607,64.48,48.17,nashville_tn,Nashville,24,16.3
2025-09-29,pizzahut,Pizza Hut,26879.24,1164,23.09,12434.69,0.4626,65.1,48.64,new_york_ny,New York City,26,16.47
2025-09-29,pizzahut,Pizza Hut,20555.53,1019,20.17,9443.96,0.4594,65.35,48.89,phoenix_az,Phoenix,25,16.45
2025-09-29,pizzahut,Pizza Hut,23817.75,1061,22.45,10963.55,0.4603,65.05,49.17,seattle_wa,Seattle,24,15.88
2025-10-06,pizzahut,Pizza Hut,27423.72,1379,19.89,12543.66,0.4574,65.99,49.69,atlanta_ga,Atlanta,32,16.3
2025-10-06,pizzahut,Pizza Hut,27066.57,1365,19.83,12400.09,0.4581,65.47,49.47,charlotte_nc,Charlotte,32,15.99
2025-10-06,pizzahut,Pizza Hut,21284.41,1034,20.58,9788.55,0.4599,65.08,48.9,chicago_il,Chicago,25,16.18
2025-10-06,pizzahut,Pizza Hut,23876.49,1193,20.01,10899.46,0.4565,65.67,49.93,dallas_tx,Dallas-Fort Worth,26,15.74
2025-10-06,pizzahut,Pizza Hut,24600.38,1173,20.97,11292.94,0.4591,65.13,49.36,denver_co,Denver,27,15.76
2025-10-06,pizzahut,Pizza Hut,27699.4,1206,22.97,12780.64,0.4614,64.84,48.55,los_angeles_ca,Los Angeles,28,16.29
2025-10-06,pizzahut,Pizza Hut,23114.77,1104,20.94,10615.97,0.4593,65.63,49.52,miami_fl,Miami,28,16.11
2025-10-06,pizzahut,Pizza Hut,21692.81,1079,20.1,9940.39,0.4582,65.15,49.31,minneapolis_mn,Minneapolis,25,15.84
2025-10-06,pizzahut,Pizza Hut,19863.08,1023,19.42,9144.85,0.4604,64.46,48.17,nashville_tn,Nashville,24,16.29
2025-10-06,pizzahut,Pizza Hut,26893.3,1139,23.61,12425.89,0.462,64.72,48.68,new_york_ny,New York City,26,16.03
2025-10-06,pizzahut,Pizza Hut,20736.31,1057,19.62,9541.03,0.4601,64.89,48.43,phoenix_az,Phoenix,25,16.46
2025-10-06,pizzahut,Pizza Hut,23797.15,1059,22.47,10989.83,0.4618,64.7,48.45,seattle_wa,Seattle,24,16.25
2025-10-13,pizzahut,Pizza Hut,27811.74,1568,17.74,12804.74,0.4604,64.01,48.15,atlanta_ga,Atlanta,32,15.86
2025-10-13,pizzahut,Pizza Hut,27404.51,1515,18.09,12617.36,0.4604,64.61,48.12,charlotte_nc,Charlotte,32,16.49
2025-10-13,pizzahut,Pizza Hut,21548.7,1162,18.54,9956.57,0.462,64.59,48.27,chicago_il,Chicago,25,16.32
2025-10-13,pizzahut,Pizza Hut,24450.22,1325,18.45,11237.2,0.4596,64.58,48.45,dallas_tx,Dallas-Fort Worth,26,16.13
2025-10-13,pizzahut,Pizza Hut,24881.79,1328,18.74,11451.11,0.4602,64.77,48.95,denver_co,Denver,27,15.82
2025-10-13,pizzahut,Pizza Hut,28426.0,1358,20.93,13100.19,0.4609,65.07,49.08,los_angeles_ca,Los Angeles,28,15.99
2025-10-13,pizzahut,Pizza Hut,23144.33,1249,18.53,10682.2,0.4615,65.27,48.86,miami_fl,Miami,28,16.41
2025-10-13,pizzahut,Pizza Hut,22227.56,1246,17.84,10223.15,0.4599,65.27,48.9,minneapolis_mn,Minneapolis,25,16.36
2025-10-13,pizzahut,Pizza Hut,19717.03,1133,17.4,9086.91,0.4609,64.19,48.33,nashville_tn,Nashville,24,15.86
2025-10-13,pizzahut,Pizza Hut,26997.4,1271,21.24,12520.76,0.4638,64.72,47.87,new_york_ny,New York City,26,16.85
2025-10-13,pizzahut,Pizza Hut,21113.33,1182,17.86,9713.77,0.4601,64.35,48.61,phoenix_az,Phoenix,25,15.73
2025-10-13,pizzahut,Pizza Hut,23641.09,1184,19.97,10943.78,0.4629,64.31,48.24,seattle_wa,Seattle,24,16.08
2025-10-20,pizzahut,Pizza Hut,27298.1,1395,19.57,12540.35,0.4594,65.12,48.75,atlanta_ga,Atlanta,32,16.37
2025-10-20,pizzahut,Pizza Hut,27465.54,1377,19.95,12620.2,0.4595,64.85,48.81,charlotte_nc,Charlotte,32,16.04
2025-10-20,pizzahut,Pizza Hut,21421.08,1029,20.82,9845.98,0.4596,65.19,49.01,chicago_il,Chicago,25,16.17
2025-10-20,pizzahut,Pizza Hut,23604.19,1172,20.14,10821.38,0.4585,64.7,48.7,dallas_tx,Dallas-Fort Worth,26,16.0
2025-10-20,pizzahut,Pizza Hut,24463.52,1174,20.84,11272.21,0.4608,64.85,48.44,denver_co,Denver,27,16.41
2025-10-20,pizzahut,Pizza Hut,27759.82,1214,22.87,12848.54,0.4628,64.48,47.94,los_angeles_ca,Los Angeles,28,16.54
2025-10-20,pizzahut,Pizza Hut,22946.32,1093,20.99,10528.23,0.4588,65.76,49.69,miami_fl,Miami,28,16.08
2025-10-20,pizzahut,Pizza Hut,22008.04,1115,19.74,10117.87,0.4597,65.22,48.72,minneapolis_mn,Minneapolis,25,16.5
2025-10-20,pizzahut,Pizza Hut,19982.14,1026,19.48,9156.78,0.4582,65.04,48.94,nashville_tn,Nashville,24,16.1
2025-10-20,pizzahut,Pizza Hut,26207.35,1153,22.73,12145.65,0.4634,64.37,48.31,new_york_ny,New York City,26,16.06
2025-10-20,pizzahut,Pizza Hut,21096.89,1065,19.81,9687.73,0.4592,65.11,48.75,phoenix_az,Phoenix,25,16.36
2025-10-20,pizzahut,Pizza Hut,23965.77,1079,22.21,11052.46,0.4612,64.68,48.7,seattle_wa,Seattle,24,15.98
2025-10-27,pizzahut,Pizza Hut,27147.85,1374,19.76,12501.7,0.4605,64.65,48.02,atlanta_ga,Atlanta,32,16.62
2025-10-27,pizzahut,Pizza Hut,27058.27,1389,19.48,12435.85,0.4596,64.86,48.41,charlotte_nc,Charlotte,32,16.46
2025-10-27,pizzahut,Pizza Hut,20976.63,1012,20.73,9693.87,0.4621,64.04,48.09,chicago_il,Chicago,25,15.95
2025-10-27,pizzahut,Pizza Hut,23333.18,1174,19.87,10733.09,0.46,65.08,48.2,dallas_tx,Dallas-Fort Worth,26,16.88
2025-10-27,pizzahut,Pizza Hut,24194.19,1180,20.5,11138.95,0.4604,64.92,48.94,denver_co,Denver,27,15.97
2025-10-27,pizzahut,Pizza Hut,27759.27,1239,22.4,12792.31,0.4608,65.29,49.0,los_angeles_ca,Los Angeles,28,16.29
2025-10-27,pizzahut,Pizza Hut,23037.75,1119,20.59,10596.2,0.4599,65.8,49.23,miami_fl,Miami,28,16.57
2025-10-27,pizzahut,Pizza Hut,21403.77,1074,19.93,9856.09,0.4605,64.61,48.28,minneapolis_mn,Minneapolis,25,16.33
2025-10-27,pizzahut,Pizza Hut,19621.18,1004,19.54,9017.4,0.4596,64.79,48.54,nashville_tn,Nashville,24,16.24
2025-10-27,pizzahut,Pizza Hut,27013.25,1181,22.87,12456.5,0.4611,65.69,49.3,new_york_ny,New York City,26,16.4
2025-10-27,pizzahut,Pizza Hut,20767.07,1052,19.74,9544.74,0.4596,64.69,48.44,phoenix_az,Phoenix,25,16.25
2025-10-27,pizzahut,Pizza Hut,24155.8,1079,22.39,11085.36,0.4589,65.87,49.79,seattle_wa,Seattle,24,16.08
2025-11-03,pizzahut,Pizza Hut,26821.9,1527,17.57,12342.37,0.4602,64.86,48.58,atlanta_ga,Atlanta,32,16.28
2025-11-03,pizzahut,Pizza Hut,26868.47,1534,17.52,12365.02,0.4602,64.65,48.62,charlotte_nc,Charlotte,32,16.02
2025-11-03,pizzahut,Pizza Hut,21123.13,1170,18.05,9782.26,0.4631,64.15,47.94,chicago_il,Chicago,25,16.21
2025-11-03,pizzahut,Pizza Hut,23177.35,1294,17.91,10685.37,0.461,64.12,47.75,dallas_tx,Dallas-Fort Worth,26,16.37
2025-11-03,pizzahut,Pizza Hut,23758.55,1306,18.19,10992.38,0.4627,64.2,48.12,denver_co,Denver,27,16.08
2025-11-03,pizzahut,Pizza Hut,27771.03,1359,20.43,12832.95,0.4621,65.11,48.59,los_angeles_ca,Los Angeles,28,16.52
2025-11-03,pizzahut,Pizza Hut,22485.8,1218,18.46,10432.93,0.464,64.88,48.19,miami_fl,Miami,28,16.68
2025-11-03,pizzahut,Pizza Hut,21196.12,1186,17.87,9764.52,0.4607,65.02,48.49,minneapolis_mn,Minneapolis,25,16.53
2025-11-03,pizzahut,Pizza Hut,19751.22,1116,17.7,9097.81,0.4606,64.85,48.05,nashville_tn,Nashville,24,16.8
2025-11-03,pizzahut,Pizza Hut,26780.26,1283,20.87,12411.1,0.4634,64.98,48.43,new_york_ny,New York City,26,16.55
2025-11-03,pizzahut,Pizza Hut,20327.82,1127,18.04,9363.55,0.4606,64.54,48.32,phoenix_az,Phoenix,25,16.23
2025-11-03,pizzahut,Pizza Hut,23739.57,1200,19.78,10982.15,0.4626,64.59,48.38,seattle_wa,Seattle,24,16.21
2025-11-10,pizzahut,Pizza Hut,26382.72,1342,19.66,12132.11,0.4599,65.03,48.72,atlanta_ga,Atlanta,32,16.31
2025-11-10,pizzahut,Pizza Hut,26387.64,1342,19.66,12124.44,0.4595,64.85,48.53,charlotte_nc,Charlotte,32,16.31
2025-11-10,pizzahut,Pizza Hut,20887.02,1037,20.14,9640.81,0.4616,64.71,48.61,chicago_il,Chicago,25,16.1
2025-11-10,pizzahut,Pizza Hut,23065.85,1153,20.01,10568.47,0.4582,65.85,49.67,dallas_tx,Dallas-Fort Worth,26,16.19
2025-11-10,pizzahut,Pizza Hut,23592.15,1117,21.12,10870.5,0.4608,65.14,48.62,denver_co,Denver,27,16.52
2025-11-10,pizzahut,Pizza Hut,26753.11,1183,22.61,12316.77,0.4604,65.41,49.11,los_angeles_ca,Los Angeles,28,16.3
2025-11-10,pizzahut,Pizza Hut,22327.41,1092,20.45,10333.45,0.4628,64.59,48.13,miami_fl,Miami,28,16.46
2025-11-10,pizzahut,Pizza Hut,20900.46,1066,19.61,9664.92,0.4624,64.1,47.83,minneapolis_mn,Minneapolis,25,16.27
2025-11-10,pizzahut,Pizza Hut,19370.21,1010,19.18,8905.93,0.4598,65.12,48.5,nashville_tn,Nashville,24,16.61
2025-11-10,pizzahut,Pizza Hut,25967.91,1142,22.74,12024.05,0.463,64.78,48.63,new_york_ny,New York City,26,16.15
2025-11-10,pizzahut,Pizza Hut,20541.6,1024,20.06,9447.21,0.4599,64.8,48.75,phoenix_az,Phoenix,25,16.06
2025-11-10,pizzahut,Pizza Hut,23315.36,1057,22.06,10727.38,0.4601,65.66,49.42,seattle_wa,Seattle,24,16.24
2025-11-17,pizzahut,Pizza Hut,26531.05,1347,19.7,12188.05,0.4594,65.18,48.92,atlanta_ga,Atlanta,32,16.27
2025-11-17,pizzahut,Pizza Hut,26639.73,1353,19.69,12240.36,0.4595,65.01,48.57,charlotte_nc,Charlotte,32,16.44
2025-11-17,pizzahut,Pizza Hut,20690.33,1018,20.32,9534.25,0.4608,65.1,48.94,chicago_il,Chicago,25,16.16
2025-11-17,pizzahut,Pizza Hut,23134.77,1157,20.0,10632.51,0.4596,64.7,48.38,dallas_tx,Dallas-Fort Worth,26,16.31
2025-11-17,pizzahut,Pizza Hut,23858.45,1159,20.59,11010.57,0.4615,64.47,48.31,denver_co,Denver,27,16.16
2025-11-17,pizzahut,Pizza Hut,27342.27,1209,22.62,12607.0,0.4611,65.11,48.81,los_angeles_ca,Los Angeles,28,16.3
2025-11-17,pizzahut,Pizza Hut,22107.19,1099,20.12,10236.72,0.463,64.78,48.14,miami_fl,Miami,28,16.65
2025-11-17,pizzahut,Pizza Hut,21403.63,1056,20.27,9806.5,0.4582,65.18,49.45,minneapolis_mn,Minneapolis,25,15.73
2025-11-17,pizzahut,Pizza Hut,19227.61,996,19.3,8866.19,0.4611,64.52,48.14,nashville_tn,Nashville,24,16.38
2025-11-17,pizzahut,Pizza Hut,25621.58,1108,23.12,11876.33,0.4635,64.68,48.07,new_york_ny,New York City,26,16.6
2025-11-17,pizzahut,Pizza Hut,20235.16,1031,19.63,9303.06,0.4597,64.88,48.78,phoenix_az,Phoenix,25,16.1
2025-11-17,pizzahut,Pizza Hut,22899.12,1032,22.19,10587.81,0.4624,64.78,48.15,seattle_wa,Seattle,24,16.62
2025-11-24,pizzahut,Pizza Hut,26353.07,1463,18.01,12181.42,0.4622,64.36,47.57,atlanta_ga,Atlanta,32,16.79
2025-11-24,pizzahut,Pizza Hut,26322.99,1472,17.88,12142.35,0.4613,64.39,47.95,charlotte_nc,Charlotte,32,16.44
2025-11-24,pizzahut,Pizza Hut,20934.83,1123,18.64,9699.27,0.4633,64.1,47.6,chicago_il,Chicago,25,16.5
2025-11-24,pizzahut,Pizza Hut,23328.25,1283,18.18,10715.58,0.4593,65.2,48.94,dallas_tx,Dallas-Fort Worth,26,16.26
2025-11-24,pizzahut,Pizza Hut,24103.98,1289,18.7,11149.56,0.4626,64.45,48.08,denver_co,Denver,27,16.37
2025-11-24,pizzahut,Pizza Hut,28009.59,1368,20.47,12940.75,0.462,64.89,48.51,los_angeles_ca,Los Angeles,28,16.37
2025-11-24,pizzahut,Pizza Hut,22199.83,1193,18.61,10306.93,0.4643,64.4,47.95,miami_fl,Miami,28,16.45
2025-11-24,pizzahut,Pizza Hut,21355.59,1191,17.93,9815.25,0.4596,65.09,49.21,minneapolis_mn,Minneapolis,25,15.88
2025-11-24,pizzahut,Pizza Hut,19393.34,1135,17.09,8969.05,0.4625,63.85,47.48,nashville_tn,Nashville,24,16.37
2025-11-24,pizzahut,Pizza Hut,26606.66,1278,20.82,12320.9,0.4631,64.92,48.6,new_york_ny,New York City,26,16.32
2025-11-24,pizzahut,Pizza Hut,20291.47,1134,17.89,9345.07,0.4605,64.43,48.39,phoenix_az,Phoenix,25,16.03
2025-11-24,pizzahut,Pizza Hut,24167.12,1226,19.71,11163.8,0.4619,64.89,48.56,seattle_wa,Seattle,24,16.33
2025-12-01,pizzahut,Pizza Hut,24195.15,1243,19.47,11172.04,0.4617,64.42,48.12,atlanta_ga,Atlanta,32,16.3
2025-12-01,pizzahut,Pizza Hut,24631.95,1268,19.43,11280.09,0.4579,65.18,49.37,charlotte_nc,Charlotte,32,15.81
2025-12-01,pizzahut,Pizza Hut,19018.15,948,20.06,8783.74,0.4619,64.99,48.61,chicago_il,Chicago,25,16.38
2025-12-01,pizzahut,Pizza Hut,21241.78,1053,20.17,9796.44,0.4612,64.27,47.85,dallas_tx,Dallas-Fort Worth,26,16.41
2025-12-01,pizzahut,Pizza Hut,21747.72,1073,20.27,10035.5,0.4615,65.2,48.59,denver_co,Denver,27,16.61
2025-12-01,pizzahut,Pizza Hut,24616.5,1076,22.88,11358.44,0.4614,65.36,49.09,los_angeles_ca,Los Angeles,28,16.27
2025-12-01,pizzahut,Pizza Hut,20585.24,999,20.61,9540.85,0.4635,64.58,47.9,miami_fl,Miami,28,16.68
2025-12-01,pizzahut,Pizza Hut,19535.13,980,19.93,8982.21,0.4598,65.16,48.88,minneapolis_mn,Minneapolis,25,16.28
2025-12-01,pizzahut,Pizza Hut,17777.57,933,19.05,8187.74,0.4606,64.08,48.14,nashville_tn,Nashville,24,15.94
2025-12-01,pizzahut,Pizza Hut,23803.86,1053,22.61,11049.65,0.4642,64.57,48.12,new_york_ny,New York City,26,16.45
2025-12-01,pizzahut,Pizza Hut,19011.25,962,19.76,8710.37,0.4582,65.44,49.84,phoenix_az,Phoenix,25,15.6
2025-12-01,pizzahut,Pizza Hut,21541.67,966,22.3,9930.98,0.461,64.81,48.9,seattle_wa,Seattle,24,15.91
2025-12-08,pizzahut,Pizza Hut,24639.64,1252,19.68,11309.14,0.459,65.45,49.11,atlanta_ga,Atlanta,32,16.35
2025-12-08,pizzahut,Pizza Hut,24303.17,1207,20.14,11156.4,0.4591,65.33,48.95,charlotte_nc,Charlotte,32,16.39
2025-12-08,pizzahut,Pizza Hut,19396.17,945,20.53,8918.87,0.4598,65.57,49.37,chicago_il,Chicago,25,16.2
2025-12-08,pizzahut,Pizza Hut,21426.12,1056,20.29,9811.87,0.4579,65.43,49.38,dallas_tx,Dallas-Fort Worth,26,16.05
2025-12-08,pizzahut,Pizza Hut,21717.9,1048,20.72,10032.52,0.4619,65.03,48.65,denver_co,Denver,27,16.37
2025-12-08,pizzahut,Pizza Hut,24936.54,1102,22.63,11491.25,0.4608,65.45,49.27,los_angeles_ca,Los Angeles,28,16.18
2025-12-08,pizzahut,Pizza Hut,21010.91,1021,20.58,9724.37,0.4628,64.69,48.48,miami_fl,Miami,28,16.2
2025-12-08,pizzahut,Pizza Hut,19376.93,962,20.14,8938.26,0.4613,64.43,48.34,minneapolis_mn,Minneapolis,25,16.09
2025-12-08,pizzahut,Pizza Hut,17884.75,924,19.36,8206.0,0.4588,65.08,48.89,nashville_tn,Nashville,24,16.19
2025-12-08,pizzahut,Pizza Hut,24142.75,1025,23.55,11163.76,0.4624,64.87,48.83,new_york_ny,New York City,26,16.05
2025-12-08,pizzahut,Pizza Hut,18498.93,918,20.15,8527.48,0.461,64.62,48.44,phoenix_az,Phoenix,25,16.18
2025-12-08,pizzahut,Pizza Hut,21452.75,988,21.71,9920.54,0.4624,64.3,48.25,seattle_wa,Seattle,24,16.05
2025-12-15,pizzahut,Pizza Hut,24739.9,1263,19.59,11334.8,0.4582,65.75,49.57,atlanta_ga,Atlanta,32,16.18
2025-12-15,pizzahut,Pizza Hut,24286.3,1239,19.6,11174.38,0.4601,64.6,48.43,charlotte_nc,Charlotte,32,16.17
2025-12-15,pizzahut,Pizza Hut,18701.02,928,20.15,8671.37,0.4637,64.08,47.75,chicago_il,Chicago,25,16.33
2025-12-15,pizzahut,Pizza Hut,21263.39,1066,19.95,9775.44,0.4597,65.11,48.74,dallas_tx,Dallas-Fort Worth,26,16.37
2025-12-15,pizzahut,Pizza Hut,21771.31,1057,20.6,10045.31,0.4614,65.15,48.73,denver_co,Denver,27,16.43
2025-12-15,pizzahut,Pizza Hut,25034.87,1107,22.62,11580.24,0.4626,65.07,48.65,los_angeles_ca,Los Angeles,28,16.42
2025-12-15,pizzahut,Pizza Hut,20241.29,1003,20.18,9389.11,0.4639,63.93,48.14,miami_fl,Miami,28,15.79
2025-12-15,pizzahut,Pizza Hut,19504.3,992,19.66,9005.74,0.4617,63.85,47.99,minneapolis_mn,Minneapolis,25,15.86
2025-12-15,pizzahut,Pizza Hut,18241.7,949,19.22,8379.88,0.4594,64.52,48.93,nashville_tn,Nashville,24,15.6
2025-12-15,pizzahut,Pizza Hut,24092.86,1033,23.32,11166.48,0.4635,65.02,48.25,new_york_ny,New York City,26,16.78
2025-12-15,pizzahut,Pizza Hut,19059.52,956,19.94,8755.6,0.4594,65.33,49.06,phoenix_az,Phoenix,25,16.27
2025-12-15,pizzahut,Pizza Hut,21775.1,973,22.38,10038.08,0.461,64.91,48.78,seattle_wa,Seattle,24,16.13
2025-12-22,pizzahut,Pizza Hut,24860.35,1349,18.43,11418.69,0.4593,64.92,49.24,atlanta_ga,Atlanta,32,15.68
2025-12-22,pizzahut,Pizza Hut,24449.61,1357,18.02,11265.98,0.4608,64.73,48.6,charlotte_nc,Charlotte,32,16.13
2025-12-22,pizzahut,Pizza Hut,19335.55,1024,18.88,8935.05,0.4621,64.51,48.33,chicago_il,Chicago,25,16.19
2025-12-22,pizzahut,Pizza Hut,21902.53,1154,18.98,10064.86,0.4595,64.28,48.3,dallas_tx,Dallas-Fort Worth,26,15.97
2025-12-22,pizzahut,Pizza Hut,21914.64,1160,18.89,10134.5,0.4625,64.64,48.14,denver_co,Denver,27,16.5
2025-12-22,pizzahut,Pizza Hut,25442.88,1217,20.91,11771.04,0.4626,64.63,48.66,los_angeles_ca,Los Angeles,28,15.97
2025-12-22,pizzahut,Pizza Hut,20863.26,1121,18.61,9687.69,0.4643,64.58,48.07,miami_fl,Miami,28,16.51
2025-12-22,pizzahut,Pizza Hut,19857.92,1060,18.73,9142.1,0.4604,64.91,48.77,minneapolis_mn,Minneapolis,25,16.14
2025-12-22,pizzahut,Pizza Hut,18033.09,989,18.23,8306.73,0.4606,64.31,48.22,nashville_tn,Nashville,24,16.09
2025-12-22,pizzahut,Pizza Hut,24742.71,1148,21.55,11415.01,0.4613,65.49,49.5,new_york_ny,New York City,26,15.99
2025-12-22,pizzahut,Pizza Hut,18910.93,1037,18.24,8711.29,0.4606,65.28,48.7,phoenix_az,Phoenix,25,16.58
2025-12-22,pizzahut,Pizza Hut,20984.95,1024,20.49,9735.66,0.4639,64.14,47.94,seattle_wa,Seattle,24,16.2
2025-12-29,pizzahut,Pizza Hut,24597.19,1247,19.73,11286.27,0.4588,65.45,49.13,atlanta_ga,Atlanta,32,16.32
2025-12-29,pizzahut,Pizza Hut,23863.24,1234,19.34,10985.98,0.4604,65.06,48.75,charlotte_nc,Charlotte,32,16.31
2025-12-29,pizzahut,Pizza Hut,18853.09,917,20.56,8749.03,0.4641,64.53,47.41,chicago_il,Chicago,25,17.12
2025-12-29,pizzahut,Pizza Hut,21377.4,1062,20.13,9790.8,0.458,65.26,49.16,dallas_tx,Dallas-Fort Worth,26,16.11
2025-12-29,pizzahut,Pizza Hut,21471.21,1032,20.81,9927.85,0.4624,64.74,48.2,denver_co,Denver,27,16.55
2025-12-29,pizzahut,Pizza Hut,24906.8,1091,22.83,11457.49,0.46,65.5,49.47,los_angeles_ca,Los Angeles,28,16.03
2025-12-29,pizzahut,Pizza Hut,20537.86,1008,20.37,9503.92,0.4628,65.49,48.59,miami_fl,Miami,28,16.89
2025-12-29,pizzahut,Pizza Hut,19724.99,1001,19.71,9055.24,0.4591,65.18,49.02,minneapolis_mn,Minneapolis,25,16.17
2025-12-29,pizzahut,Pizza Hut,17821.69,908,19.63,8199.23,0.4601,64.57,48.57,nashville_tn,Nashville,24,16.0
2025-12-29,pizzahut,Pizza Hut,24193.04,1049,23.06,11215.92,0.4636,64.72,48.24,new_york_ny,New York City,26,16.48
2025-12-29,pizzahut,Pizza Hut,18856.17,945,19.95,8678.45,0.4602,64.89,48.6,phoenix_az,Phoenix,25,16.28
2025-12-29,pizzahut,Pizza Hut,21330.08,968,22.04,9876.33,0.463,64.01,47.82,seattle_wa,Seattle,24,16.19
