week_start,brand_id,brand_name,product_id,product_name,product_family,product_role,occasion_group,price_tier,unit_volume,net_sales,avg_realized_price,contribution_margin,contribution_margin_pct,weighted_effective_elasticity
2025-01-06,pizzahut,Pizza Hut,ph_big_dinner_box,Big Dinner Box,bundles,family_meal,family_share,premium,1385,39723.88,28.68,16024.66,0.4034,-0.828
2025-01-06,pizzahut,Pizza Hut,ph_breadsticks,Breadsticks,sides,attach,family_share,entry,1713,11810.41,6.89,7126.41,0.6034,-0.9763
2025-01-06,pizzahut,Pizza Hut,ph_large_pizza,Large One-Topping Pizza,pizza,family_meal,family_share,premium,2253,47839.51,21.23,21444.98,0.4483,-0.9904
2025-01-06,pizzahut,Pizza Hut,ph_medium_pizza,Medium One-Topping Pizza,pizza,core_meal,family_share,core,2311,39237.56,16.98,18024.01,0.4594,-1.1624
2025-01-06,pizzahut,Pizza Hut,ph_melts,Pizza Hut Melts,handhelds,traffic_builder,solo_value_meal,core,2124,19341.57,9.11,9882.28,0.5109,-1.47
2025-01-06,pizzahut,Pizza Hut,ph_my_hut_box,My Hut Box,bundles,traffic_builder,solo_value_meal,value,2600,22259.81,8.56,10388.01,0.4667,-1.8062
2025-01-06,pizzahut,Pizza Hut,ph_original_stuffed_crust,Original Stuffed Crust Pizza,pizza,innovation,family_share,premium,1622,39677.14,24.46,16709.7,0.4211,-0.8609
2025-01-06,pizzahut,Pizza Hut,ph_oven_baked_pasta,Oven-Baked Pasta,pasta,core_meal,core_meal,core,1278,15742.93,12.32,7502.22,0.4765,-1.0956
2025-01-06,pizzahut,Pizza Hut,ph_personal_pan,Personal Pan Pizza,pizza,traffic_builder,solo_value_meal,entry,2345,17055.53,7.27,8577.95,0.5029,-1.8045
2025-01-06,pizzahut,Pizza Hut,ph_traditional_wings,Traditional Wings,wings,attach,sports_party,core,1935,24890.91,12.86,10893.32,0.4376,-1.2135
2025-01-06,pizzahut,Pizza Hut,ph_ultimate_cookie,Ultimate Chocolate Chip Cookie,desserts,attach,snack_treat,core,1060,9396.63,8.86,5633.6,0.5995,-0.7921
2025-01-13,pizzahut,Pizza Hut,ph_big_dinner_box,Big Dinner Box,bundles,family_meal,family_share,premium,1483,38910.38,26.24,15695.36,0.4034,-0.8121
2025-01-13,pizzahut,Pizza Hut,ph_breadsticks,Breadsticks,sides,attach,family_share,entry,1904,11906.97,6.25,7193.64,0.6042,-0.9559
2025-01-13,pizzahut,Pizza Hut,ph_large_pizza,Large One-Topping Pizza,pizza,family_meal,family_share,premium,2483,48041.75,19.35,21565.08,0.4489,-0.9711
2025-01-13,pizzahut,Pizza Hut,ph_medium_pizza,Medium One-Topping Pizza,pizza,core_meal,family_share,core,2580,39686.74,15.38,18219.26,0.4591,-1.1371
2025-01-13,pizzahut,Pizza Hut,ph_melts,Pizza Hut Melts,handhelds,traffic_builder,solo_value_meal,core,2401,20179.87,8.4,10321.38,0.5115,-1.4434
2025-01-13,pizzahut,Pizza Hut,ph_my_hut_box,My Hut Box,bundles,traffic_builder,solo_value_meal,value,3251,24703.18,7.6,11572.72,0.4685,-1.7627
2025-01-13,pizzahut,Pizza Hut,ph_original_stuffed_crust,Original Stuffed Crust Pizza,pizza,innovation,family_share,premium,1737,38919.76,22.41,16441.27,0.4224,-0.8451
2025-01-13,pizzahut,Pizza Hut,ph_oven_baked_pasta,Oven-Baked Pasta,pasta,core_meal,core_meal,core,1369,15401.15,11.25,7357.53,0.4777,-1.0742
2025-01-13,pizzahut,Pizza Hut,ph_personal_pan,Personal Pan Pizza,pizza,traffic_builder,solo_value_meal,entry,2801,18229.64,6.51,9217.23,0.5056,-1.764
2025-01-13,pizzahut,Pizza Hut,ph_traditional_wings,Traditional Wings,wings,attach,sports_party,core,2088,25003.86,11.98,11004.1,0.4401,-1.1967
2025-01-13,pizzahut,Pizza Hut,ph_ultimate_cookie,Ultimate Chocolate Chip Cookie,desserts,attach,snack_treat,core,1123,9379.54,8.35,5605.2,0.5976,-0.78
2025-01-20,pizzahut,Pizza Hut,ph_big_dinner_box,Big Dinner Box,bundles,family_meal,family_share,premium,1375,39472.24,28.71,15929.24,0.4036,-0.8285
2025-01-20,pizzahut,Pizza Hut,ph_breadsticks,Breadsticks,sides,attach,family_share,entry,1736,11969.99,6.9,7222.88,0.6034,-0.9765
2025-01-20,pizzahut,Pizza Hut,ph_large_pizza,Large One-Topping Pizza,pizza,family_meal,family_share,premium,2223,47307.43,21.28,21147.38,0.447,-0.9899
2025-01-20,pizzahut,Pizza Hut,ph_medium_pizza,Medium One-Topping Pizza,pizza,core_meal,family_share,core,2286,38876.06,17.01,17781.79,0.4574,-1.1606
2025-01-20,pizzahut,Pizza Hut,ph_melts,Pizza Hut Melts,handhelds,traffic_builder,solo_value_meal,core,2143,19499.62,9.1,9970.79,0.5113,-1.4697
2025-01-20,pizzahut,Pizza Hut,ph_my_hut_box,My Hut Box,bundles,traffic_builder,solo_value_meal,value,2613,22353.15,8.55,10429.93,0.4666,-1.8066
2025-01-20,pizzahut,Pizza Hut,ph_original_stuffed_crust,Original Stuffed Crust Pizza,pizza,innovation,family_share,premium,1606,39272.65,24.45,16507.15,0.4203,-0.8595
2025-01-20,pizzahut,Pizza Hut,ph_oven_baked_pasta,Oven-Baked Pasta,pasta,core_meal,core_meal,core,1243,15285.03,12.3,7295.25,0.4773,-1.0954
2025-01-20,pizzahut,Pizza Hut,ph_personal_pan,Personal Pan Pizza,pizza,traffic_builder,solo_value_meal,entry,2348,17061.92,7.27,8583.63,0.5031,-1.8043
2025-01-20,pizzahut,Pizza Hut,ph_traditional_wings,Traditional Wings,wings,attach,sports_party,core,1914,24590.58,12.85,10807.5,0.4395,-1.2156
2025-01-20,pizzahut,Pizza Hut,ph_ultimate_cookie,Ultimate Chocolate Chip Cookie,desserts,attach,snack_treat,core,1070,9488.68,8.87,5657.57,0.5962,-0.7898
2025-01-27,pizzahut,Pizza Hut,ph_big_dinner_box,Big Dinner Box,bundles,family_meal,family_share,premium,1389,39871.67,28.71,16064.09,0.4029,-0.8278
2025-01-27,pizzahut,Pizza Hut,ph_breadsticks,Breadsticks,sides,attach,family_share,entry,1730,11938.4,6.9,7195.11,0.6027,-0.9763
2025-01-27,pizzahut,Pizza Hut,ph_large_pizza,Large One-Topping Pizza,pizza,family_meal,family_share,premium,2207,46884.63,21.24,20998.38,0.4479,-0.9904
2025-01-27,pizzahut,Pizza Hut,ph_medium_pizza,Medium One-Topping Pizza,pizza,core_meal,family_share,core,2319,39355.77,16.97,18037.99,0.4583,-1.1612
2025-01-27,pizzahut,Pizza Hut,ph_melts,Pizza Hut Melts,handhelds,traffic_builder,solo_value_meal,core,2178,19818.48,9.1,10134.05,0.5113,-1.471
2025-01-27,pizzahut,Pizza Hut,ph_my_hut_box,My Hut Box,bundles,traffic_builder,solo_value_meal,value,2595,22224.87,8.56,10397.48,0.4678,-1.8099
2025-01-27,pizzahut,Pizza Hut,ph_original_stuffed_crust,Original Stuffed Crust Pizza,pizza,innovation,family_share,premium,1635,39983.31,24.45,16795.69,0.4201,-0.859
2025-01-27,pizzahut,Pizza Hut,ph_oven_baked_pasta,Oven-Baked Pasta,pasta,core_meal,core_meal,core,1240,15261.94,12.31,7278.53,0.4769,-1.0956
2025-01-27,pizzahut,Pizza Hut,ph_personal_pan,Personal Pan Pizza,pizza,traffic_builder,solo_value_meal,entry,2371,17257.52,7.28,8687.88,0.5034,-1.8061
2025-01-27,pizzahut,Pizza Hut,ph_traditional_wings,Traditional Wings,wings,attach,sports_party,core,1912,24552.15,12.84,10805.68,0.4401,-1.2155
2025-01-27,pizzahut,Pizza Hut,ph_ultimate_cookie,Ultimate Chocolate Chip Cookie,desserts,attach,snack_treat,core,1071,9490.88,8.86,5673.68,0.5978,-0.7908
2025-02-03,pizzahut,Pizza Hut,ph_big_dinner_box,Big Dinner Box,bundles,family_meal,family_share,premium,1478,38776.04,26.24,15666.99,0.404,-0.8134
2025-02-03,pizzahut,Pizza Hut,ph_breadsticks,Breadsticks,sides,attach,family_share,entry,1916,11988.51,6.26,7226.27,0.6028,-0.9566
2025-02-03,pizzahut,Pizza Hut,ph_large_pizza,Large One-Topping Pizza,pizza,family_meal,family_share,premium,2424,46886.63,19.34,21048.61,0.4489,-0.9729
2025-02-03,pizzahut,Pizza Hut,ph_medium_pizza,Medium One-Topping Pizza,pizza,core_meal,family_share,core,2582,39750.85,15.4,18245.39,0.459,-1.1388
2025-02-03,pizzahut,Pizza Hut,ph_melts,Pizza Hut Melts,handhelds,traffic_builder,solo_value_meal,core,2441,20507.38,8.4,10501.79,0.5121,-1.4471
2025-02-03,pizzahut,Pizza Hut,ph_my_hut_box,My Hut Box,bundles,traffic_builder,solo_value_meal,value,3226,24541.74,7.61,11479.2,0.4677,-1.7642
2025-02-03,pizzahut,Pizza Hut,ph_original_stuffed_crust,Original Stuffed Crust Pizza,pizza,innovation,family_share,premium,1738,38940.17,22.41,16431.0,0.422,-0.8457
2025-02-03,pizzahut,Pizza Hut,ph_oven_baked_pasta,Oven-Baked Pasta,pasta,core_meal,core_meal,core,1376,15494.72,11.26,7387.17,0.4768,-1.0755
2025-02-03,pizzahut,Pizza Hut,ph_personal_pan,Personal Pan Pizza,pizza,traffic_builder,solo_value_meal,entry,2840,18490.19,6.51,9310.49,0.5035,-1.7641
2025-02-03,pizzahut,Pizza Hut,ph_traditional_wings,Traditional Wings,wings,attach,sports_party,core,2047,24536.82,11.99,10788.82,0.4397,-1.1986
2025-02-03,pizzahut,Pizza Hut,ph_ultimate_cookie,Ultimate Chocolate Chip Cookie,desserts,attach,snack_treat,core,1108,9251.74,8.35,5546.83,0.5995,-0.7825
2025-02-10,pizzahut,Pizza Hut,ph_big_dinner_box,Big Dinner Box,bundles,family_meal,family_share,premium,1367,39210.34,28.68,15839.13,0.404,-0.8302
2025-02-10,pizzahut,Pizza Hut,ph_breadsticks,Breadsticks,sides,attach,family_share,entry,1744,12038.45,6.9,7254.37,0.6026,-0.9776
2025-02-10,pizzahut,Pizza Hut,ph_large_pizza,Large One-Topping Pizza,pizza,family_meal,family_share,premium,2204,46879.24,21.27,20996.55,0.4479,-0.9923
2025-02-10,pizzahut,Pizza Hut,ph_medium_pizza,Medium One-Topping Pizza,pizza,core_meal,family_share,core,2319,39394.58,16.99,18023.84,0.4575,-1.1619
2025-02-10,pizzahut,Pizza Hut,ph_melts,Pizza Hut Melts,handhelds,traffic_builder,solo_value_meal,core,2127,19349.61,9.1,9913.66,0.5123,-1.4738
2025-02-10,pizzahut,Pizza Hut,ph_my_hut_box,My Hut Box,bundles,traffic_builder,solo_value_meal,value,2606,22330.95,8.57,10406.41,0.466,-1.8086
2025-02-10,pizzahut,Pizza Hut,ph_original_stuffed_crust,Original Stuffed Crust Pizza,pizza,innovation,family_share,premium,1601,39069.47,24.4,16489.9,0.4221,-0.8621
2025-02-10,pizzahut,Pizza Hut,ph_oven_baked_pasta,Oven-Baked Pasta,pasta,core_meal,core_meal,core,1267,15595.44,12.31,7407.72,0.475,-1.0955
2025-02-10,pizzahut,Pizza Hut,ph_personal_pan,Personal Pan Pizza,pizza,traffic_builder,solo_value_meal,entry,2344,17046.55,7.27,8565.17,0.5025,-1.8063
2025-02-10,pizzahut,Pizza Hut,ph_traditional_wings,Traditional Wings,wings,attach,sports_party,core,1896,24380.71,12.86,10695.28,0.4387,-1.2165
2025-02-10,pizzahut,Pizza Hut,ph_ultimate_cookie,Ultimate Chocolate Chip Cookie,desserts,attach,snack_treat,core,1048,9292.14,8.87,5552.66,0.5976,-0.792
2025-02-17,pizzahut,Pizza Hut,ph_big_dinner_box,Big Dinner Box,bundles,family_meal,family_share,premium,1387,39728.23,28.64,16019.41,0.4032,-0.829
2025-02-17,pizzahut,Pizza Hut,ph_breadsticks,Breadsticks,sides,attach,family_share,entry,1700,11734.92,6.9,7082.29,0.6035,-0.9786
2025-02-17,pizzahut,Pizza Hut,ph_large_pizza,Large One-Topping Pizza,pizza,family_meal,family_share,premium,2226,47278.15,21.24,21225.03,0.4489,-0.9933
2025-02-17,pizzahut,Pizza Hut,ph_medium_pizza,Medium One-Topping Pizza,pizza,core_meal,family_share,core,2293,38953.7,16.99,17826.27,0.4576,-1.1627
2025-02-17,pizzahut,Pizza Hut,ph_melts,Pizza Hut Melts,handhelds,traffic_builder,solo_value_meal,core,2145,19501.62,9.09,9998.91,0.5127,-1.4742
2025-02-17,pizzahut,Pizza Hut,ph_my_hut_box,My Hut Box,bundles,traffic_builder,solo_value_meal,value,2607,22331.59,8.57,10426.72,0.4669,-1.8106
2025-02-17,pizzahut,Pizza Hut,ph_original_stuffed_crust,Original Stuffed Crust Pizza,pizza,innovation,family_share,premium,1626,39743.97,24.44,16757.85,0.4216,-0.862
2025-02-17,pizzahut,Pizza Hut,ph_oven_baked_pasta,Oven-Baked Pasta,pasta,core_meal,core_meal,core,1257,15460.17,12.3,7372.2,0.4769,-1.0971
2025-02-17,pizzahut,Pizza Hut,ph_personal_pan,Personal Pan Pizza,pizza,traffic_builder,solo_value_meal,entry,2336,16994.34,7.27,8558.72,0.5036,-1.809
2025-02-17,pizzahut,Pizza Hut,ph_traditional_wings,Traditional Wings,wings,attach,sports_party,core,1895,24356.79,12.85,10699.19,0.4393,-1.217
2025-02-17,pizzahut,Pizza Hut,ph_ultimate_cookie,Ultimate Chocolate Chip Cookie,desserts,attach,snack_treat,core,1059,9386.61,8.86,5614.31,0.5981,-0.7925
2025-02-24,pizzahut,Pizza Hut,ph_big_dinner_box,Big Dinner Box,bundles,family_meal,family_share,premium,1462,38417.02,26.28,15549.05,0.4047,-0.8149
2025-02-24,pizzahut,Pizza Hut,ph_breadsticks,Breadsticks,sides,attach,family_share,entry,1872,11714.31,6.26,7075.72,0.604,-0.958
2025-02-24,pizzahut,Pizza Hut,ph_large_pizza,Large One-Topping Pizza,pizza,family_meal,family_share,premium,2410,46631.26,19.35,20975.04,0.4498,-0.9738
2025-02-24,pizzahut,Pizza Hut,ph_medium_pizza,Medium One-Topping Pizza,pizza,core_meal,family_share,core,2549,39226.06,15.39,18008.26,0.4591,-1.1389
2025-02-24,pizzahut,Pizza Hut,ph_melts,Pizza Hut Melts,handhelds,traffic_builder,solo_value_meal,core,2382,20013.64,8.4,10283.32,0.5138,-1.45
2025-02-24,pizzahut,Pizza Hut,ph_my_hut_box,My Hut Box,bundles,traffic_builder,solo_value_meal,value,3186,24219.64,7.6,11329.01,0.4678,-1.7638
2025-02-24,pizzahut,Pizza Hut,ph_original_stuffed_crust,Original Stuffed Crust Pizza,pizza,innovation,family_share,premium,1700,38089.89,22.41,16094.83,0.4225,-0.846
2025-02-24,pizzahut,Pizza Hut,ph_oven_baked_pasta,Oven-Baked Pasta,pasta,core_meal,core_meal,core,1368,15383.16,11.24,7365.39,0.4788,-1.0768
2025-02-24,pizzahut,Pizza Hut,ph_personal_pan,Personal Pan Pizza,pizza,traffic_builder,solo_value_meal,entry,2825,18383.06,6.51,9259.61,0.5037,-1.764
2025-02-24,pizzahut,Pizza Hut,ph_traditional_wings,Traditional Wings,wings,attach,sports_party,core,2074,24841.88,11.98,10909.71,0.4392,-1.1968
2025-02-24,pizzahut,Pizza Hut,ph_ultimate_cookie,Ultimate Chocolate Chip Cookie,desserts,attach,snack_treat,core,1116,9325.25,8.36,5594.83,0.6,-0.7834
2025-03-03,pizzahut,Pizza Hut,ph_big_dinner_box,Big Dinner Box,bundles,family_meal,family_share,premium,1287,36967.76,28.72,14913.7,0.4034,-0.8322
2025-03-03,pizzahut,Pizza Hut,ph_breadsticks,Breadsticks,sides,attach,family_share,entry,1563,10784.12,6.9,6509.92,0.6037,-0.9805
2025-03-03,pizzahut,Pizza Hut,ph_large_pizza,Large One-Topping Pizza,pizza,family_meal,family_share,premium,2041,43375.13,21.25,19416.73,0.4476,-0.9941
2025-03-03,pizzahut,Pizza Hut,ph_medium_pizza,Medium One-Topping Pizza,pizza,core_meal,family_share,core,2131,36231.21,17.0,16586.21,0.4578,-1.1653
2025-03-03,pizzahut,Pizza Hut,ph_melts,Pizza Hut Melts,handhelds,traffic_builder,solo_value_meal,core,1917,17426.37,9.09,8935.59,0.5128,-1.4777
2025-03-03,pizzahut,Pizza Hut,ph_my_hut_box,My Hut Box,bundles,traffic_builder,solo_value_meal,value,2205,18861.33,8.55,8795.83,0.4663,-1.8122
2025-03-03,pizzahut,Pizza Hut,ph_original_stuffed_crust,Original Stuffed Crust Pizza,pizza,innovation,family_share,premium,1478,36099.18,24.42,15237.69,0.4221,-0.8645
2025-03-03,pizzahut,Pizza Hut,ph_oven_baked_pasta,Oven-Baked Pasta,pasta,core_meal,core_meal,core,1171,14411.37,12.31,6889.76,0.4781,-1.1016
2025-03-03,pizzahut,Pizza Hut,ph_personal_pan,Personal Pan Pizza,pizza,traffic_builder,solo_value_meal,entry,1999,14546.59,7.28,7315.95,0.5029,-1.8118
2025-03-03,pizzahut,Pizza Hut,ph_traditional_wings,Traditional Wings,wings,attach,sports_party,core,1522,19543.87,12.84,8581.89,0.4391,-1.2191
2025-03-03,pizzahut,Pizza Hut,ph_ultimate_cookie,Ultimate Chocolate Chip Cookie,desserts,attach,snack_treat,core,973,8624.94,8.86,5182.53,0.6009,-0.7973
2025-03-10,pizzahut,Pizza Hut,ph_big_dinner_box,Big Dinner Box,bundles,family_meal,family_share,premium,1270,36480.27,28.72,14724.16,0.4036,-0.8322
2025-03-10,pizzahut,Pizza Hut,ph_breadsticks,Breadsticks,sides,attach,family_share,entry,1575,10871.92,6.9,6557.6,0.6032,-0.9807
2025-03-10,pizzahut,Pizza Hut,ph_large_pizza,Large One-Topping Pizza,pizza,family_meal,family_share,premium,2012,42760.88,21.25,19146.88,0.4478,-0.9941
2025-03-10,pizzahut,Pizza Hut,ph_medium_pizza,Medium One-Topping Pizza,pizza,core_meal,family_share,core,2122,36029.98,16.98,16473.85,0.4572,-1.1645
2025-03-10,pizzahut,Pizza Hut,ph_melts,Pizza Hut Melts,handhelds,traffic_builder,solo_value_meal,core,1895,17245.55,9.1,8824.35,0.5117,-1.4764
2025-03-10,pizzahut,Pizza Hut,ph_my_hut_box,My Hut Box,bundles,traffic_builder,solo_value_meal,value,2250,19277.67,8.57,8981.56,0.4659,-1.8129
2025-03-10,pizzahut,Pizza Hut,ph_original_stuffed_crust,Original Stuffed Crust Pizza,pizza,innovation,family_share,premium,1478,36105.98,24.43,15211.44,0.4213,-0.8634
2025-03-10,pizzahut,Pizza Hut,ph_oven_baked_pasta,Oven-Baked Pasta,pasta,core_meal,core_meal,core,1157,14242.53,12.31,6805.32,0.4778,-1.1014
2025-03-10,pizzahut,Pizza Hut,ph_personal_pan,Personal Pan Pizza,pizza,traffic_builder,solo_value_meal,entry,2006,14591.74,7.27,7336.38,0.5028,-1.8117
2025-03-10,pizzahut,Pizza Hut,ph_traditional_wings,Traditional Wings,wings,attach,sports_party,core,1536,19722.36,12.84,8692.63,0.4407,-1.2217
2025-03-10,pizzahut,Pizza Hut,ph_ultimate_cookie,Ultimate Chocolate Chip Cookie,desserts,attach,snack_treat,core,982,8709.04,8.87,5216.09,0.5989,-0.7957
2025-03-17,pizzahut,Pizza Hut,ph_big_dinner_box,Big Dinner Box,bundles,family_meal,family_share,premium,1261,36169.19,28.68,14596.77,0.4036,-0.832
2025-03-17,pizzahut,Pizza Hut,ph_breadsticks,Breadsticks,sides,attach,family_share,entry,1561,10765.71,6.9,6525.24,0.6061,-0.9827
2025-03-17,pizzahut,Pizza Hut,ph_large_pizza,Large One-Topping Pizza,pizza,family_meal,family_share,premium,2031,43180.54,21.26,19332.85,0.4477,-0.9944
2025-03-17,pizzahut,Pizza Hut,ph_medium_pizza,Medium One-Topping Pizza,pizza,core_meal,family_share,core,2134,36326.2,17.02,16564.43,0.456,-1.1637
2025-03-17,pizzahut,Pizza Hut,ph_melts,Pizza Hut Melts,handhelds,traffic_builder,solo_value_meal,core,1881,17115.83,9.1,8773.3,0.5126,-1.4781
2025-03-17,pizzahut,Pizza Hut,ph_my_hut_box,My Hut Box,bundles,traffic_builder,solo_value_meal,value,2225,19042.15,8.56,8871.8,0.4659,-1.8122
2025-03-17,pizzahut,Pizza Hut,ph_original_stuffed_crust,Original Stuffed Crust Pizza,pizza,innovation,family_share,premium,1499,36634.04,24.44,15410.21,0.4207,-0.8632
2025-03-17,pizzahut,Pizza Hut,ph_oven_baked_pasta,Oven-Baked Pasta,pasta,core_meal,core_meal,core,1157,14235.1,12.3,6800.38,0.4777,-1.1009
2025-03-17,pizzahut,Pizza Hut,ph_personal_pan,Personal Pan Pizza,pizza,traffic_builder,solo_value_meal,entry,2005,14595.67,7.28,7336.15,0.5026,-1.8113
2025-03-17,pizzahut,Pizza Hut,ph_traditional_wings,Traditional Wings,wings,attach,sports_party,core,1536,19734.05,12.85,8663.02,0.439,-1.2187
2025-03-17,pizzahut,Pizza Hut,ph_ultimate_cookie,Ultimate Chocolate Chip Cookie,desserts,attach,snack_treat,core,971,8612.5,8.87,5155.56,0.5986,-0.7954
2025-03-24,pizzahut,Pizza Hut,ph_big_dinner_box,Big Dinner Box,bundles,family_meal,family_share,premium,1318,36496.23,27.69,14742.99,0.404,-0.8277
2025-03-24,pizzahut,Pizza Hut,ph_breadsticks,Breadsticks,sides,attach,family_share,entry,1649,10947.98,6.64,6617.09,0.6044,-0.9753
2025-03-24,pizzahut,Pizza Hut,ph_large_pizza,Large One-Topping Pizza,pizza,family_meal,family_share,premium,2134,43757.35,20.5,19588.08,0.4477,-0.9892
2025-03-24,pizzahut,Pizza Hut,ph_medium_pizza,Medium One-Topping Pizza,pizza,core_meal,family_share,core,2222,36258.13,16.32,16651.44,0.4592,-1.1598
2025-03-24,pizzahut,Pizza Hut,ph_melts,Pizza Hut Melts,handhelds,traffic_builder,solo_value_meal,core,1989,17537.75,8.82,9003.97,0.5134,-1.4714
2025-03-24,pizzahut,Pizza Hut,ph_my_hut_box,My Hut Box,bundles,traffic_builder,solo_value_meal,value,2428,19777.74,8.15,9294.23,0.4699,-1.8051
2025-03-24,pizzahut,Pizza Hut,ph_original_stuffed_crust,Original Stuffed Crust Pizza,pizza,innovation,family_share,premium,1525,36000.74,23.61,15165.91,0.4213,-0.8593
2025-03-24,pizzahut,Pizza Hut,ph_oven_baked_pasta,Oven-Baked Pasta,pasta,core_meal,core_meal,core,1194,14169.69,11.87,6784.14,0.4788,-1.0951
2025-03-24,pizzahut,Pizza Hut,ph_personal_pan,Personal Pan Pizza,pizza,traffic_builder,solo_value_meal,entry,2190,15231.2,6.95,7704.49,0.5058,-1.8024
2025-03-24,pizzahut,Pizza Hut,ph_traditional_wings,Traditional Wings,wings,attach,sports_party,core,1591,19878.35,12.49,8742.83,0.4398,-1.2152
2025-03-24,pizzahut,Pizza Hut,ph_ultimate_cookie,Ultimate Chocolate Chip Cookie,desserts,attach,snack_treat,core,996,8624.16,8.66,5163.45,0.5987,-0.7925
2025-03-31,pizzahut,Pizza Hut,ph_big_dinner_box,Big Dinner Box,bundles,family_meal,family_share,premium,1278,36675.71,28.7,14804.15,0.4036,-0.8321
2025-03-31,pizzahut,Pizza Hut,ph_breadsticks,Breadsticks,sides,attach,family_share,entry,1592,10995.02,6.91,6630.53,0.603,-0.9807
2025-03-31,pizzahut,Pizza Hut,ph_large_pizza,Large One-Topping Pizza,pizza,family_meal,family_share,premium,2016,42820.67,21.24,19200.01,0.4484,-0.9951
2025-03-31,pizzahut,Pizza Hut,ph_medium_pizza,Medium One-Topping Pizza,pizza,core_meal,family_share,core,2138,36323.18,16.99,16656.88,0.4586,-1.1665
2025-03-31,pizzahut,Pizza Hut,ph_melts,Pizza Hut Melts,handhelds,traffic_builder,solo_value_meal,core,1901,17271.99,9.09,8873.16,0.5137,-1.4792
2025-03-31,pizzahut,Pizza Hut,ph_my_hut_box,My Hut Box,bundles,traffic_builder,solo_value_meal,value,2197,18802.54,8.56,8784.27,0.4672,-1.8146
2025-03-31,pizzahut,Pizza Hut,ph_original_stuffed_crust,Original Stuffed Crust Pizza,pizza,innovation,family_share,premium,1482,36206.33,24.43,15294.5,0.4224,-0.865
2025-03-31,pizzahut,Pizza Hut,ph_oven_baked_pasta,Oven-Baked Pasta,pasta,core_meal,core_meal,core,1158,14261.81,12.32,6802.78,0.477,-1.101
2025-03-31,pizzahut,Pizza Hut,ph_personal_pan,Personal Pan Pizza,pizza,traffic_builder,solo_value_meal,entry,2011,14631.97,7.28,7358.27,0.5029,-1.8122
2025-03-31,pizzahut,Pizza Hut,ph_traditional_wings,Traditional Wings,wings,attach,sports_party,core,1519,19509.69,12.84,8571.48,0.4393,-1.2191
2025-03-31,pizzahut,Pizza Hut,ph_ultimate_cookie,Ultimate Chocolate Chip Cookie,desserts,attach,snack_treat,core,981,8697.03,8.87,5207.73,0.5988,-0.7956
2025-04-07,pizzahut,Pizza Hut,ph_big_dinner_box,Big Dinner Box,bundles,family_meal,family_share,premium,1258,36124.71,28.72,14592.17,0.4039,-0.8347
2025-04-07,pizzahut,Pizza Hut,ph_breadsticks,Breadsticks,sides,attach,family_share,entry,1571,10838.48,6.9,6536.39,0.6031,-0.9831
2025-04-07,pizzahut,Pizza Hut,ph_large_pizza,Large One-Topping Pizza,pizza,family_meal,family_share,premium,2042,43429.54,21.27,19474.01,0.4484,-0.9979
2025-04-07,pizzahut,Pizza Hut,ph_medium_pizza,Medium One-Topping Pizza,pizza,core_meal,family_share,core,2123,36074.17,16.99,16526.54,0.4581,-1.1688
2025-04-07,pizzahut,Pizza Hut,ph_melts,Pizza Hut Melts,handhelds,traffic_builder,solo_value_meal,core,1890,17186.32,9.09,8825.57,0.5135,-1.4836
2025-04-07,pizzahut,Pizza Hut,ph_my_hut_box,My Hut Box,bundles,traffic_builder,solo_value_meal,value,2235,19145.93,8.57,8935.78,0.4667,-1.8191
2025-04-07,pizzahut,Pizza Hut,ph_original_stuffed_crust,Original Stuffed Crust Pizza,pizza,innovation,family_share,premium,1474,36013.86,24.43,15142.62,0.4205,-0.865
2025-04-07,pizzahut,Pizza Hut,ph_oven_baked_pasta,Oven-Baked Pasta,pasta,core_meal,core_meal,core,1135,13961.93,12.3,6686.39,0.4789,-1.1054
2025-04-07,pizzahut,Pizza Hut,ph_personal_pan,Personal Pan Pizza,pizza,traffic_builder,solo_value_meal,entry,1963,14301.46,7.29,7191.27,0.5028,-1.8177
2025-04-07,pizzahut,Pizza Hut,ph_traditional_wings,Traditional Wings,wings,attach,sports_party,core,1509,19385.64,12.85,8517.93,0.4394,-1.2232
2025-04-07,pizzahut,Pizza Hut,ph_ultimate_cookie,Ultimate Chocolate Chip Cookie,desserts,attach,snack_treat,core,986,8755.9,8.88,5227.0,0.597,-0.7967
2025-04-14,pizzahut,Pizza Hut,ph_big_dinner_box,Big Dinner Box,bundles,family_meal,family_share,premium,1281,36705.15,28.65,14865.23,0.405,-0.8354
2025-04-14,pizzahut,Pizza Hut,ph_breadsticks,Breadsticks,sides,attach,family_share,entry,1575,10881.6,6.91,6559.09,0.6028,-0.9828
2025-04-14,pizzahut,Pizza Hut,ph_large_pizza,Large One-Topping Pizza,pizza,family_meal,family_share,premium,2028,43071.06,21.24,19334.61,0.4489,-0.998
2025-04-14,pizzahut,Pizza Hut,ph_medium_pizza,Medium One-Topping Pizza,pizza,core_meal,family_share,core,2136,36290.95,16.99,16608.03,0.4576,-1.1683
2025-04-14,pizzahut,Pizza Hut,ph_melts,Pizza Hut Melts,handhelds,traffic_builder,solo_value_meal,core,1876,17065.15,9.1,8756.23,0.5131,-1.4826
2025-04-14,pizzahut,Pizza Hut,ph_my_hut_box,My Hut Box,bundles,traffic_builder,solo_value_meal,value,2179,18654.35,8.56,8702.51,0.4665,-1.8184
2025-04-14,pizzahut,Pizza Hut,ph_original_stuffed_crust,Original Stuffed Crust Pizza,pizza,innovation,family_share,premium,1459,35626.42,24.42,15038.3,0.4221,-0.8666
2025-04-14,pizzahut,Pizza Hut,ph_oven_baked_pasta,Oven-Baked Pasta,pasta,core_meal,core_meal,core,1144,14085.34,12.31,6726.71,0.4776,-1.104
2025-04-14,pizzahut,Pizza Hut,ph_personal_pan,Personal Pan Pizza,pizza,traffic_builder,solo_value_meal,entry,1956,14221.77,7.27,7167.23,0.504,-1.8181
2025-04-14,pizzahut,Pizza Hut,ph_traditional_wings,Traditional Wings,wings,attach,sports_party,core,1515,19462.22,12.85,8544.94,0.4391,-1.2228
2025-04-14,pizzahut,Pizza Hut,ph_ultimate_cookie,Ultimate Chocolate Chip Cookie,desserts,attach,snack_treat,core,993,8802.9,8.86,5256.7,0.5972,-0.7961
2025-04-21,pizzahut,Pizza Hut,ph_big_dinner_box,Big Dinner Box,bundles,family_meal,family_share,premium,1296,35933.99,27.73,14485.2,0.4031,-0.8295
2025-04-21,pizzahut,Pizza Hut,ph_breadsticks,Breadsticks,sides,attach,family_share,entry,1644,10913.41,6.64,6584.63,0.6034,-0.9768
2025-04-21,pizzahut,Pizza Hut,ph_large_pizza,Large One-Topping Pizza,pizza,family_meal,family_share,premium,2092,42857.3,20.49,19241.46,0.449,-0.9928
2025-04-21,pizzahut,Pizza Hut,ph_medium_pizza,Medium One-Topping Pizza,pizza,core_meal,family_share,core,2240,36633.5,16.35,16741.77,0.457,-1.1606
2025-04-21,pizzahut,Pizza Hut,ph_melts,Pizza Hut Melts,handhelds,traffic_builder,solo_value_meal,core,1987,17470.37,8.79,8993.87,0.5148,-1.477
2025-04-21,pizzahut,Pizza Hut,ph_my_hut_box,My Hut Box,bundles,traffic_builder,solo_value_meal,value,2429,19772.53,8.14,9300.02,0.4704,-1.8103
2025-04-21,pizzahut,Pizza Hut,ph_original_stuffed_crust,Original Stuffed Crust Pizza,pizza,innovation,family_share,premium,1528,36129.89,23.65,15178.64,0.4201,-0.8607
2025-04-21,pizzahut,Pizza Hut,ph_oven_baked_pasta,Oven-Baked Pasta,pasta,core_meal,core_meal,core,1204,14310.71,11.89,6829.08,0.4772,-1.0971
2025-04-21,pizzahut,Pizza Hut,ph_personal_pan,Personal Pan Pizza,pizza,traffic_builder,solo_value_meal,entry,2158,15011.92,6.96,7595.38,0.506,-1.807
2025-04-21,pizzahut,Pizza Hut,ph_traditional_wings,Traditional Wings,wings,attach,sports_party,core,1583,19756.65,12.48,8704.38,0.4406,-1.2191
2025-04-21,pizzahut,Pizza Hut,ph_ultimate_cookie,Ultimate Chocolate Chip Cookie,desserts,attach,snack_treat,core,983,8513.91,8.66,5100.46,0.5991,-0.7948
2025-04-28,pizzahut,Pizza Hut,ph_big_dinner_box,Big Dinner Box,bundles,family_meal,family_share,premium,1263,36217.99,28.68,14627.5,0.4039,-0.8344
2025-04-28,pizzahut,Pizza Hut,ph_breadsticks,Breadsticks,sides,attach,family_share,entry,1568,10814.89,6.9,6533.86,0.6042,-0.984
2025-04-28,pizzahut,Pizza Hut,ph_large_pizza,Large One-Topping Pizza,pizza,family_meal,family_share,premium,2024,43011.09,21.25,19313.68,0.449,-0.999
2025-04-28,pizzahut,Pizza Hut,ph_medium_pizza,Medium One-Topping Pizza,pizza,core_meal,family_share,core,2127,36178.56,17.01,16516.8,0.4565,-1.1672
2025-04-28,pizzahut,Pizza Hut,ph_melts,Pizza Hut Melts,handhelds,traffic_builder,solo_value_meal,core,1872,17054.1,9.11,8735.56,0.5122,-1.4826
2025-04-28,pizzahut,Pizza Hut,ph_my_hut_box,My Hut Box,bundles,traffic_builder,solo_value_meal,value,2222,19040.1,8.57,8857.78,0.4652,-1.8167
2025-04-28,pizzahut,Pizza Hut,ph_original_stuffed_crust,Original Stuffed Crust Pizza,pizza,innovation,family_share,premium,1479,36160.09,24.45,15199.18,0.4203,-0.8654
2025-04-28,pizzahut,Pizza Hut,ph_oven_baked_pasta,Oven-Baked Pasta,pasta,core_meal,core_meal,core,1159,14253.96,12.3,6817.45,0.4783,-1.1044
2025-04-28,pizzahut,Pizza Hut,ph_personal_pan,Personal Pan Pizza,pizza,traffic_builder,solo_value_meal,entry,1970,14354.34,7.29,7217.81,0.5028,-1.8178
2025-04-28,pizzahut,Pizza Hut,ph_traditional_wings,Traditional Wings,wings,attach,sports_party,core,1519,19495.02,12.83,8566.6,0.4394,-1.2229
2025-04-28,pizzahut,Pizza Hut,ph_ultimate_cookie,Ultimate Chocolate Chip Cookie,desserts,attach,snack_treat,core,975,8643.53,8.87,5176.0,0.5988,-0.7973
2025-05-05,pizzahut,Pizza Hut,ph_big_dinner_box,Big Dinner Box,bundles,family_meal,family_share,premium,1262,36223.21,28.7,14643.24,0.4043,-0.8376
2025-05-05,pizzahut,Pizza Hut,ph_breadsticks,Breadsticks,sides,attach,family_share,entry,1570,10823.04,6.89,6548.55,0.6051,-0.9869
2025-05-05,pizzahut,Pizza Hut,ph_large_pizza,Large One-Topping Pizza,pizza,family_meal,family_share,premium,2031,43170.73,21.26,19300.91,0.4471,-0.9991
2025-05-05,pizzahut,Pizza Hut,ph_medium_pizza,Medium One-Topping Pizza,pizza,core_meal,family_share,core,2106,35772.89,16.99,16399.04,0.4584,-1.172
2025-05-05,pizzahut,Pizza Hut,ph_melts,Pizza Hut Melts,handhelds,traffic_builder,solo_value_meal,core,1859,16909.12,9.1,8678.29,0.5132,-1.486
2025-05-05,pizzahut,Pizza Hut,ph_my_hut_box,My Hut Box,bundles,traffic_builder,solo_value_meal,value,2194,18773.01,8.56,8771.72,0.4673,-1.8238
2025-05-05,pizzahut,Pizza Hut,ph_original_stuffed_crust,Original Stuffed Crust Pizza,pizza,innovation,family_share,premium,1472,35941.78,24.42,15146.7,0.4214,-0.8688
2025-05-05,pizzahut,Pizza Hut,ph_oven_baked_pasta,Oven-Baked Pasta,pasta,core_meal,core_meal,core,1141,14046.99,12.31,6712.69,0.4779,-1.1076
2025-05-05,pizzahut,Pizza Hut,ph_personal_pan,Personal Pan Pizza,pizza,traffic_builder,solo_value_meal,entry,1940,14126.07,7.28,7111.13,0.5034,-1.8227
2025-05-05,pizzahut,Pizza Hut,ph_traditional_wings,Traditional Wings,wings,attach,sports_party,core,1549,19884.28,12.84,8723.19,0.4387,-1.2247
2025-05-05,pizzahut,Pizza Hut,ph_ultimate_cookie,Ultimate Chocolate Chip Cookie,desserts,attach,snack_treat,core,971,8609.28,8.87,5156.65,0.599,-0.8
2025-05-12,pizzahut,Pizza Hut,ph_big_dinner_box,Big Dinner Box,bundles,family_meal,family_share,premium,1254,35959.27,28.68,14539.33,0.4043,-0.8374
2025-05-12,pizzahut,Pizza Hut,ph_breadsticks,Breadsticks,sides,attach,family_share,entry,1568,10816.78,6.9,6535.37,0.6042,-0.9861
2025-05-12,pizzahut,Pizza Hut,ph_large_pizza,Large One-Topping Pizza,pizza,family_meal,family_share,premium,2003,42529.69,21.23,19089.47,0.4489,-1.0007
2025-05-12,pizzahut,Pizza Hut,ph_medium_pizza,Medium One-Topping Pizza,pizza,core_meal,family_share,core,2072,35242.7,17.01,16128.58,0.4576,-1.1712
2025-05-12,pizzahut,Pizza Hut,ph_melts,Pizza Hut Melts,handhelds,traffic_builder,solo_value_meal,core,1871,17014.18,9.09,8693.54,0.511,-1.4826
2025-05-12,pizzahut,Pizza Hut,ph_my_hut_box,My Hut Box,bundles,traffic_builder,solo_value_meal,value,2182,18675.07,8.56,8715.19,0.4667,-1.8235
2025-05-12,pizzahut,Pizza Hut,ph_original_stuffed_crust,Original Stuffed Crust Pizza,pizza,innovation,family_share,premium,1466,35797.55,24.42,15098.7,0.4218,-0.8688
2025-05-12,pizzahut,Pizza Hut,ph_oven_baked_pasta,Oven-Baked Pasta,pasta,core_meal,core_meal,core,1164,14324.76,12.31,6842.11,0.4776,-1.107
2025-05-12,pizzahut,Pizza Hut,ph_personal_pan,Personal Pan Pizza,pizza,traffic_builder,solo_value_meal,entry,1956,14215.58,7.27,7154.68,0.5033,-1.8215
2025-05-12,pizzahut,Pizza Hut,ph_traditional_wings,Traditional Wings,wings,attach,sports_party,core,1518,19529.85,12.87,8585.4,0.4396,-1.2273
2025-05-12,pizzahut,Pizza Hut,ph_ultimate_cookie,Ultimate Chocolate Chip Cookie,desserts,attach,snack_treat,core,982,8704.25,8.86,5218.38,0.5995,-0.8004
2025-05-19,pizzahut,Pizza Hut,ph_big_dinner_box,Big Dinner Box,bundles,family_meal,family_share,premium,1304,36167.36,27.74,14569.43,0.4028,-0.8315
2025-05-19,pizzahut,Pizza Hut,ph_breadsticks,Breadsticks,sides,attach,family_share,entry,1613,10712.42,6.64,6477.95,0.6047,-0.9812
2025-05-19,pizzahut,Pizza Hut,ph_large_pizza,Large One-Topping Pizza,pizza,family_meal,family_share,premium,2082,42612.36,20.47,19145.7,0.4493,-0.9953
2025-05-19,pizzahut,Pizza Hut,ph_medium_pizza,Medium One-Topping Pizza,pizza,core_meal,family_share,core,2206,36002.07,16.32,16488.5,0.458,-1.1644
2025-05-19,pizzahut,Pizza Hut,ph_melts,Pizza Hut Melts,handhelds,traffic_builder,solo_value_meal,core,1967,17303.85,8.8,8920.13,0.5155,-1.4818
2025-05-19,pizzahut,Pizza Hut,ph_my_hut_box,My Hut Box,bundles,traffic_builder,solo_value_meal,value,2398,19502.4,8.13,9176.05,0.4705,-1.8151
2025-05-19,pizzahut,Pizza Hut,ph_original_stuffed_crust,Original Stuffed Crust Pizza,pizza,innovation,family_share,premium,1523,35978.82,23.62,15160.55,0.4214,-0.8637
2025-05-19,pizzahut,Pizza Hut,ph_oven_baked_pasta,Oven-Baked Pasta,pasta,core_meal,core_meal,core,1202,14261.03,11.86,6820.38,0.4783,-1.1002
2025-05-19,pizzahut,Pizza Hut,ph_personal_pan,Personal Pan Pizza,pizza,traffic_builder,solo_value_meal,entry,2142,14873.04,6.94,7546.36,0.5074,-1.814
2025-05-19,pizzahut,Pizza Hut,ph_traditional_wings,Traditional Wings,wings,attach,sports_party,core,1572,19624.67,12.48,8651.89,0.4409,-1.2221
2025-05-19,pizzahut,Pizza Hut,ph_ultimate_cookie,Ultimate Chocolate Chip Cookie,desserts,attach,snack_treat,core,991,8576.84,8.65,5132.46,0.5984,-0.796
2025-05-26,pizzahut,Pizza Hut,ph_big_dinner_box,Big Dinner Box,bundles,family_meal,family_share,premium,1267,36352.62,28.69,14700.06,0.4044,-0.8371
2025-05-26,pizzahut,Pizza Hut,ph_breadsticks,Breadsticks,sides,attach,family_share,entry,1569,10814.73,6.89,6525.59,0.6034,-0.9854
2025-05-26,pizzahut,Pizza Hut,ph_large_pizza,Large One-Topping Pizza,pizza,family_meal,family_share,premium,2014,42823.4,21.26,19188.4,0.4481,-1.0001
2025-05-26,pizzahut,Pizza Hut,ph_medium_pizza,Medium One-Topping Pizza,pizza,core_meal,family_share,core,2098,35657.87,17.0,16379.86,0.4594,-1.1743
2025-05-26,pizzahut,Pizza Hut,ph_melts,Pizza Hut Melts,handhelds,traffic_builder,solo_value_meal,core,1857,16878.55,9.09,8664.51,0.5133,-1.4861
2025-05-26,pizzahut,Pizza Hut,ph_my_hut_box,My Hut Box,bundles,traffic_builder,solo_value_meal,value,2194,18777.2,8.56,8759.4,0.4665,-1.8231
2025-05-26,pizzahut,Pizza Hut,ph_original_stuffed_crust,Original Stuffed Crust Pizza,pizza,innovation,family_share,premium,1473,35979.49,24.43,15190.54,0.4222,-0.8695
2025-05-26,pizzahut,Pizza Hut,ph_oven_baked_pasta,Oven-Baked Pasta,pasta,core_meal,core_meal,core,1145,14088.02,12.3,6724.47,0.4773,-1.1069
2025-05-26,pizzahut,Pizza Hut,ph_personal_pan,Personal Pan Pizza,pizza,traffic_builder,solo_value_meal,entry,1972,14331.48,7.27,7229.03,0.5044,-1.8229
2025-05-26,pizzahut,Pizza Hut,ph_traditional_wings,Traditional Wings,wings,attach,sports_party,core,1546,19873.18,12.85,8723.88,0.439,-1.226
2025-05-26,pizzahut,Pizza Hut,ph_ultimate_cookie,Ultimate Chocolate Chip Cookie,desserts,attach,snack_treat,core,963,8543.73,8.87,5106.49,0.5977,-0.7991
2025-06-02,pizzahut,Pizza Hut,ph_big_dinner_box,Big Dinner Box,bundles,family_meal,family_share,premium,1255,36032.05,28.71,14538.01,0.4035,-0.8385
2025-06-02,pizzahut,Pizza Hut,ph_breadsticks,Breadsticks,sides,attach,family_share,entry,1570,10838.16,6.9,6536.21,0.6031,-0.988
2025-06-02,pizzahut,Pizza Hut,ph_large_pizza,Large One-Topping Pizza,pizza,family_meal,family_share,premium,2058,43718.86,21.24,19593.61,0.4482,-1.0024
2025-06-02,pizzahut,Pizza Hut,ph_medium_pizza,Medium One-Topping Pizza,pizza,core_meal,family_share,core,2099,35666.75,16.99,16340.58,0.4581,-1.1741
2025-06-02,pizzahut,Pizza Hut,ph_melts,Pizza Hut Melts,handhelds,traffic_builder,solo_value_meal,core,1874,17040.64,9.09,8745.36,0.5132,-1.4899
2025-06-02,pizzahut,Pizza Hut,ph_my_hut_box,My Hut Box,bundles,traffic_builder,solo_value_meal,value,2219,18975.17,8.55,8853.39,0.4666,-1.8263
2025-06-02,pizzahut,Pizza Hut,ph_original_stuffed_crust,Original Stuffed Crust Pizza,pizza,innovation,family_share,premium,1466,35828.07,24.44,15060.98,0.4204,-0.8697
2025-06-02,pizzahut,Pizza Hut,ph_oven_baked_pasta,Oven-Baked Pasta,pasta,core_meal,core_meal,core,1133,13941.4,12.3,6642.54,0.4765,-1.1082
2025-06-02,pizzahut,Pizza Hut,ph_personal_pan,Personal Pan Pizza,pizza,traffic_builder,solo_value_meal,entry,1989,14473.76,7.28,7282.57,0.5032,-1.8256
2025-06-02,pizzahut,Pizza Hut,ph_traditional_wings,Traditional Wings,wings,attach,sports_party,core,1515,19464.88,12.85,8563.96,0.44,-1.2295
2025-06-02,pizzahut,Pizza Hut,ph_ultimate_cookie,Ultimate Chocolate Chip Cookie,desserts,attach,snack_treat,core,968,8586.91,8.87,5140.5,0.5986,-0.8017
2025-06-09,pizzahut,Pizza Hut,ph_big_dinner_box,Big Dinner Box,bundles,family_meal,family_share,premium,1258,36102.17,28.7,14606.07,0.4046,-0.8395
2025-06-09,pizzahut,Pizza Hut,ph_breadsticks,Breadsticks,sides,attach,family_share,entry,1572,10837.54,6.89,6555.6,0.6049,-0.9886
2025-06-09,pizzahut,Pizza Hut,ph_large_pizza,Large One-Topping Pizza,pizza,family_meal,family_share,premium,2023,43001.67,21.26,19277.69,0.4483,-1.0027
2025-06-09,pizzahut,Pizza Hut,ph_medium_pizza,Medium One-Topping Pizza,pizza,core_meal,family_share,core,2125,36118.8,17.0,16519.5,0.4574,-1.1737
2025-06-09,pizzahut,Pizza Hut,ph_melts,Pizza Hut Melts,handhelds,traffic_builder,solo_value_meal,core,1873,17026.99,9.09,8722.03,0.5122,-1.4875
2025-06-09,pizzahut,Pizza Hut,ph_my_hut_box,My Hut Box,bundles,traffic_builder,solo_value_meal,value,2222,19050.09,8.57,8905.34,0.4675,-1.8303
2025-06-09,pizzahut,Pizza Hut,ph_original_stuffed_crust,Original Stuffed Crust Pizza,pizza,innovation,family_share,premium,1468,35848.84,24.42,15124.97,0.4219,-0.8708
2025-06-09,pizzahut,Pizza Hut,ph_oven_baked_pasta,Oven-Baked Pasta,pasta,core_meal,core_meal,core,1135,13968.01,12.31,6660.85,0.4769,-1.1089
2025-06-09,pizzahut,Pizza Hut,ph_personal_pan,Personal Pan Pizza,pizza,traffic_builder,solo_value_meal,entry,1949,14188.54,7.28,7155.89,0.5043,-1.8285
2025-06-09,pizzahut,Pizza Hut,ph_traditional_wings,Traditional Wings,wings,attach,sports_party,core,1513,19430.39,12.84,8543.78,0.4397,-1.2299
2025-06-09,pizzahut,Pizza Hut,ph_ultimate_cookie,Ultimate Chocolate Chip Cookie,desserts,attach,snack_treat,core,965,8548.45,8.86,5122.84,0.5993,-0.8015
2025-06-16,pizzahut,Pizza Hut,ph_big_dinner_box,Big Dinner Box,bundles,family_meal,family_share,premium,1252,35908.76,28.68,14546.17,0.4051,-0.8399
2025-06-16,pizzahut,Pizza Hut,ph_breadsticks,Breadsticks,sides,attach,family_share,entry,1581,10922.32,6.91,6560.51,0.6007,-0.9861
2025-06-16,pizzahut,Pizza Hut,ph_large_pizza,Large One-Topping Pizza,pizza,family_meal,family_share,premium,1985,42197.99,21.26,18991.61,0.4501,-1.0048
2025-06-16,pizzahut,Pizza Hut,ph_medium_pizza,Medium One-Topping Pizza,pizza,core_meal,family_share,core,2098,35668.57,17.0,16289.48,0.4567,-1.1724
2025-06-16,pizzahut,Pizza Hut,ph_melts,Pizza Hut Melts,handhelds,traffic_builder,solo_value_meal,core,1903,17306.66,9.09,8859.32,0.5119,-1.4877
2025-06-16,pizzahut,Pizza Hut,ph_my_hut_box,My Hut Box,bundles,traffic_builder,solo_value_meal,value,2230,19090.49,8.56,8912.67,0.4669,-1.8278
2025-06-16,pizzahut,Pizza Hut,ph_original_stuffed_crust,Original Stuffed Crust Pizza,pizza,innovation,family_share,premium,1449,35423.01,24.45,14926.43,0.4214,-0.8709
2025-06-16,pizzahut,Pizza Hut,ph_oven_baked_pasta,Oven-Baked Pasta,pasta,core_meal,core_meal,core,1157,14228.24,12.3,6796.66,0.4777,-1.1091
2025-06-16,pizzahut,Pizza Hut,ph_personal_pan,Personal Pan Pizza,pizza,traffic_builder,solo_value_meal,entry,1941,14124.29,7.28,7103.94,0.503,-1.826
2025-06-16,pizzahut,Pizza Hut,ph_traditional_wings,Traditional Wings,wings,attach,sports_party,core,1511,19397.04,12.84,8541.0,0.4403,-1.2296
2025-06-16,pizzahut,Pizza Hut,ph_ultimate_cookie,Ultimate Chocolate Chip Cookie,desserts,attach,snack_treat,core,970,8600.19,8.87,5155.62,0.5995,-0.802
2025-06-23,pizzahut,Pizza Hut,ph_big_dinner_box,Big Dinner Box,bundles,family_meal,family_share,premium,1258,35867.44,28.51,14553.72,0.4058,-0.8401
2025-06-23,pizzahut,Pizza Hut,ph_breadsticks,Breadsticks,sides,attach,family_share,entry,1590,10876.96,6.84,6576.13,0.6046,-0.9875
2025-06-23,pizzahut,Pizza Hut,ph_large_pizza,Large One-Topping Pizza,pizza,family_meal,family_share,premium,2027,42753.83,21.09,19198.88,0.4491,-1.0021
2025-06-23,pizzahut,Pizza Hut,ph_medium_pizza,Medium One-Topping Pizza,pizza,core_meal,family_share,core,2102,35469.1,16.87,16273.5,0.4588,-1.1744
2025-06-23,pizzahut,Pizza Hut,ph_melts,Pizza Hut Melts,handhelds,traffic_builder,solo_value_meal,core,1918,17344.37,9.04,8895.79,0.5129,-1.489
2025-06-23,pizzahut,Pizza Hut,ph_my_hut_box,My Hut Box,bundles,traffic_builder,solo_value_meal,value,2223,18814.1,8.46,8820.37,0.4688,-1.8292
2025-06-23,pizzahut,Pizza Hut,ph_original_stuffed_crust,Original Stuffed Crust Pizza,pizza,innovation,family_share,premium,1480,35939.07,24.28,15115.53,0.4206,-0.8687
2025-06-23,pizzahut,Pizza Hut,ph_oven_baked_pasta,Oven-Baked Pasta,pasta,core_meal,core_meal,core,1151,14050.23,12.21,6711.85,0.4777,-1.1086
2025-06-23,pizzahut,Pizza Hut,ph_personal_pan,Personal Pan Pizza,pizza,traffic_builder,solo_value_meal,entry,2014,14509.44,7.2,7331.05,0.5053,-1.827
2025-06-23,pizzahut,Pizza Hut,ph_traditional_wings,Traditional Wings,wings,attach,sports_party,core,1514,19329.03,12.77,8491.09,0.4393,-1.2278
2025-06-23,pizzahut,Pizza Hut,ph_ultimate_cookie,Ultimate Chocolate Chip Cookie,desserts,attach,snack_treat,core,986,8690.49,8.81,5200.48,0.5984,-0.8005
2025-06-30,pizzahut,Pizza Hut,ph_big_dinner_box,Big Dinner Box,bundles,family_meal,family_share,premium,1260,36151.65,28.69,14577.22,0.4032,-0.838
2025-06-30,pizzahut,Pizza Hut,ph_breadsticks,Breadsticks,sides,attach,family_share,entry,1564,10790.09,6.9,6519.88,0.6042,-0.9884
2025-06-30,pizzahut,Pizza Hut,ph_large_pizza,Large One-Topping Pizza,pizza,family_meal,family_share,premium,1981,42088.95,21.25,18911.37,0.4493,-1.0038
2025-06-30,pizzahut,Pizza Hut,ph_medium_pizza,Medium One-Topping Pizza,pizza,core_meal,family_share,core,2106,35799.96,17.0,16380.24,0.4575,-1.1745
2025-06-30,pizzahut,Pizza Hut,ph_melts,Pizza Hut Melts,handhelds,traffic_builder,solo_value_meal,core,1854,16854.35,9.09,8658.06,0.5137,-1.491
2025-06-30,pizzahut,Pizza Hut,ph_my_hut_box,My Hut Box,bundles,traffic_builder,solo_value_meal,value,2180,18666.85,8.56,8715.73,0.4669,-1.828
2025-06-30,pizzahut,Pizza Hut,ph_original_stuffed_crust,Original Stuffed Crust Pizza,pizza,innovation,family_share,premium,1477,36132.78,24.46,15189.51,0.4204,-0.87
2025-06-30,pizzahut,Pizza Hut,ph_oven_baked_pasta,Oven-Baked Pasta,pasta,core_meal,core_meal,core,1131,13914.11,12.3,6644.02,0.4775,-1.1089
2025-06-30,pizzahut,Pizza Hut,ph_personal_pan,Personal Pan Pizza,pizza,traffic_builder,solo_value_meal,entry,1974,14353.04,7.27,7227.46,0.5035,-1.8261
2025-06-30,pizzahut,Pizza Hut,ph_traditional_wings,Traditional Wings,wings,attach,sports_party,core,1517,19492.52,12.85,8564.25,0.4394,-1.2291
2025-06-30,pizzahut,Pizza Hut,ph_ultimate_cookie,Ultimate Chocolate Chip Cookie,desserts,attach,snack_treat,core,984,8721.45,8.86,5225.18,0.5991,-0.8015
2025-07-07,pizzahut,Pizza Hut,ph_big_dinner_box,Big Dinner Box,bundles,family_meal,family_share,premium,1249,35806.94,28.67,14514.16,0.4053,-0.8415
2025-07-07,pizzahut,Pizza Hut,ph_breadsticks,Breadsticks,sides,attach,family_share,entry,1588,10953.26,6.9,6596.65,0.6023,-0.9886
2025-07-07,pizzahut,Pizza Hut,ph_large_pizza,Large One-Topping Pizza,pizza,family_meal,family_share,premium,2018,42917.29,21.27,19236.89,0.4482,-1.0038
2025-07-07,pizzahut,Pizza Hut,ph_medium_pizza,Medium One-Topping Pizza,pizza,core_meal,family_share,core,2086,35490.72,17.01,16213.09,0.4568,-1.1751
2025-07-07,pizzahut,Pizza Hut,ph_melts,Pizza Hut Melts,handhelds,traffic_builder,solo_value_meal,core,1866,16979.56,9.1,8709.81,0.513,-1.4924
2025-07-07,pizzahut,Pizza Hut,ph_my_hut_box,My Hut Box,bundles,traffic_builder,solo_value_meal,value,2224,19024.48,8.55,8890.76,0.4673,-1.8313
2025-07-07,pizzahut,Pizza Hut,ph_original_stuffed_crust,Original Stuffed Crust Pizza,pizza,innovation,family_share,premium,1474,35991.1,24.42,15202.11,0.4224,-0.8733
2025-07-07,pizzahut,Pizza Hut,ph_oven_baked_pasta,Oven-Baked Pasta,pasta,core_meal,core_meal,core,1141,14046.24,12.31,6690.47,0.4763,-1.1097
2025-07-07,pizzahut,Pizza Hut,ph_personal_pan,Personal Pan Pizza,pizza,traffic_builder,solo_value_meal,entry,1964,14285.64,7.27,7189.69,0.5033,-1.8286
2025-07-07,pizzahut,Pizza Hut,ph_traditional_wings,Traditional Wings,wings,attach,sports_party,core,1492,19169.47,12.85,8443.54,0.4405,-1.2325
2025-07-07,pizzahut,Pizza Hut,ph_ultimate_cookie,Ultimate Chocolate Chip Cookie,desserts,attach,snack_treat,core,974,8650.52,8.88,5177.18,0.5985,-0.8032
2025-07-14,pizzahut,Pizza Hut,ph_big_dinner_box,Big Dinner Box,bundles,family_meal,family_share,premium,1251,35841.71,28.65,14480.89,0.404,-0.8396
2025-07-14,pizzahut,Pizza Hut,ph_breadsticks,Breadsticks,sides,attach,family_share,entry,1526,10529.06,6.9,6372.21,0.6052,-0.9908
2025-07-14,pizzahut,Pizza Hut,ph_large_pizza,Large One-Topping Pizza,pizza,family_meal,family_share,premium,2027,43061.03,21.24,19327.24,0.4488,-1.0048
2025-07-14,pizzahut,Pizza Hut,ph_medium_pizza,Medium One-Topping Pizza,pizza,core_meal,family_share,core,2096,35635.65,17.0,16295.43,0.4573,-1.1756
2025-07-14,pizzahut,Pizza Hut,ph_melts,Pizza Hut Melts,handhelds,traffic_builder,solo_value_meal,core,1894,17226.33,9.1,8812.81,0.5116,-1.4894
2025-07-14,pizzahut,Pizza Hut,ph_my_hut_box,My Hut Box,bundles,traffic_builder,solo_value_meal,value,2154,18429.6,8.56,8620.72,0.4678,-1.8324
2025-07-14,pizzahut,Pizza Hut,ph_original_stuffed_crust,Original Stuffed Crust Pizza,pizza,innovation,family_share,premium,1481,36220.7,24.46,15212.44,0.42,-0.8708
2025-07-14,pizzahut,Pizza Hut,ph_oven_baked_pasta,Oven-Baked Pasta,pasta,core_meal,core_meal,core,1141,14035.0,12.3,6699.37,0.4773,-1.111
2025-07-14,pizzahut,Pizza Hut,ph_personal_pan,Personal Pan Pizza,pizza,traffic_builder,solo_value_meal,entry,1976,14365.24,7.27,7215.68,0.5023,-1.8266
2025-07-14,pizzahut,Pizza Hut,ph_traditional_wings,Traditional Wings,wings,attach,sports_party,core,1522,19532.88,12.83,8595.24,0.44,-1.2315
2025-07-14,pizzahut,Pizza Hut,ph_ultimate_cookie,Ultimate Chocolate Chip Cookie,desserts,attach,snack_treat,core,971,8603.84,8.86,5155.25,0.5992,-0.803
2025-07-21,pizzahut,Pizza Hut,ph_big_dinner_box,Big Dinner Box,bundles,family_meal,family_share,premium,1264,36054.03,28.52,14543.16,0.4034,-0.8392
2025-07-21,pizzahut,Pizza Hut,ph_breadsticks,Breadsticks,sides,attach,family_share,entry,1587,10858.09,6.84,6558.3,0.604,-0.9885
2025-07-21,pizzahut,Pizza Hut,ph_large_pizza,Large One-Topping Pizza,pizza,family_meal,family_share,premium,2023,42705.73,21.11,19142.67,0.4482,-1.0036
2025-07-21,pizzahut,Pizza Hut,ph_medium_pizza,Medium One-Topping Pizza,pizza,core_meal,family_share,core,2140,36094.76,16.87,16545.07,0.4584,-1.1756
2025-07-21,pizzahut,Pizza Hut,ph_melts,Pizza Hut Melts,handhelds,traffic_builder,solo_value_meal,core,1900,17170.04,9.04,8796.83,0.5123,-1.49
2025-07-21,pizzahut,Pizza Hut,ph_my_hut_box,My Hut Box,bundles,traffic_builder,solo_value_meal,value,2217,18793.63,8.48,8794.16,0.4679,-1.8315
2025-07-21,pizzahut,Pizza Hut,ph_original_stuffed_crust,Original Stuffed Crust Pizza,pizza,innovation,family_share,premium,1467,35607.91,24.27,15037.47,0.4223,-0.8724
2025-07-21,pizzahut,Pizza Hut,ph_oven_baked_pasta,Oven-Baked Pasta,pasta,core_meal,core_meal,core,1161,14176.99,12.21,6776.18,0.478,-1.1104
2025-07-21,pizzahut,Pizza Hut,ph_personal_pan,Personal Pan Pizza,pizza,traffic_builder,solo_value_meal,entry,1993,14349.64,7.2,7239.99,0.5045,-1.8281
2025-07-21,pizzahut,Pizza Hut,ph_traditional_wings,Traditional Wings,wings,attach,sports_party,core,1516,19335.51,12.75,8543.79,0.4419,-1.2328
2025-07-21,pizzahut,Pizza Hut,ph_ultimate_cookie,Ultimate Chocolate Chip Cookie,desserts,attach,snack_treat,core,969,8552.98,8.83,5118.93,0.5985,-0.8024
2025-07-28,pizzahut,Pizza Hut,ph_big_dinner_box,Big Dinner Box,bundles,family_meal,family_share,premium,1235,35473.66,28.72,14311.05,0.4034,-0.8398
2025-07-28,pizzahut,Pizza Hut,ph_breadsticks,Breadsticks,sides,attach,family_share,entry,1547,10675.02,6.9,6444.57,0.6037,-0.9898
2025-07-28,pizzahut,Pizza Hut,ph_large_pizza,Large One-Topping Pizza,pizza,family_meal,family_share,premium,2012,42796.44,21.27,19190.7,0.4484,-1.0051
2025-07-28,pizzahut,Pizza Hut,ph_medium_pizza,Medium One-Topping Pizza,pizza,core_meal,family_share,core,2095,35619.67,17.0,16319.04,0.4581,-1.1768
2025-07-28,pizzahut,Pizza Hut,ph_melts,Pizza Hut Melts,handhelds,traffic_builder,solo_value_meal,core,1833,16663.87,9.09,8554.01,0.5133,-1.4919
2025-07-28,pizzahut,Pizza Hut,ph_my_hut_box,My Hut Box,bundles,traffic_builder,solo_value_meal,value,2184,18686.54,8.56,8742.09,0.4678,-1.8331
2025-07-28,pizzahut,Pizza Hut,ph_original_stuffed_crust,Original Stuffed Crust Pizza,pizza,innovation,family_share,premium,1475,36093.28,24.47,15209.4,0.4214,-0.872
2025-07-28,pizzahut,Pizza Hut,ph_oven_baked_pasta,Oven-Baked Pasta,pasta,core_meal,core_meal,core,1145,14088.9,12.3,6727.66,0.4775,-1.111
2025-07-28,pizzahut,Pizza Hut,ph_personal_pan,Personal Pan Pizza,pizza,traffic_builder,solo_value_meal,entry,1980,14401.24,7.27,7252.22,0.5036,-1.8287
2025-07-28,pizzahut,Pizza Hut,ph_traditional_wings,Traditional Wings,wings,attach,sports_party,core,1516,19495.11,12.86,8573.67,0.4398,-1.232
2025-07-28,pizzahut,Pizza Hut,ph_ultimate_cookie,Ultimate Chocolate Chip Cookie,desserts,attach,snack_treat,core,969,8601.48,8.88,5146.23,0.5983,-0.8029
2025-08-04,pizzahut,Pizza Hut,ph_big_dinner_box,Big Dinner Box,bundles,family_meal,family_share,premium,1301,37309.75,28.68,15043.77,0.4032,-0.8395
2025-08-04,pizzahut,Pizza Hut,ph_breadsticks,Breadsticks,sides,attach,family_share,entry,1627,11228.39,6.9,6783.25,0.6041,-0.9905
2025-08-04,pizzahut,Pizza Hut,ph_large_pizza,Large One-Topping Pizza,pizza,family_meal,family_share,premium,2108,44829.55,21.27,20106.36,0.4485,-1.0054
2025-08-04,pizzahut,Pizza Hut,ph_medium_pizza,Medium One-Topping Pizza,pizza,core_meal,family_share,core,2203,37456.75,17.0,17116.92,0.457,-1.1762
2025-08-04,pizzahut,Pizza Hut,ph_melts,Pizza Hut Melts,handhelds,traffic_builder,solo_value_meal,core,1868,16987.35,9.09,8715.92,0.5131,-1.4936
2025-08-04,pizzahut,Pizza Hut,ph_my_hut_box,My Hut Box,bundles,traffic_builder,solo_value_meal,value,2201,18816.21,8.55,8809.35,0.4682,-1.834
2025-08-04,pizzahut,Pizza Hut,ph_original_stuffed_crust,Original Stuffed Crust Pizza,pizza,innovation,family_share,premium,1541,37653.41,24.43,15879.34,0.4217,-0.8729
2025-08-04,pizzahut,Pizza Hut,ph_oven_baked_pasta,Oven-Baked Pasta,pasta,core_meal,core_meal,core,1144,14083.18,12.31,6719.17,0.4771,-1.1117
2025-08-04,pizzahut,Pizza Hut,ph_personal_pan,Personal Pan Pizza,pizza,traffic_builder,solo_value_meal,entry,1968,14320.08,7.28,7190.72,0.5021,-1.8283
2025-08-04,pizzahut,Pizza Hut,ph_traditional_wings,Traditional Wings,wings,attach,sports_party,core,1501,19288.48,12.85,8483.56,0.4398,-1.2332
2025-08-04,pizzahut,Pizza Hut,ph_ultimate_cookie,Ultimate Chocolate Chip Cookie,desserts,attach,snack_treat,core,962,8524.59,8.86,5116.54,0.6002,-0.804
2025-08-11,pizzahut,Pizza Hut,ph_big_dinner_box,Big Dinner Box,bundles,family_meal,family_share,premium,1319,37869.36,28.71,15312.36,0.4043,-0.8415
2025-08-11,pizzahut,Pizza Hut,ph_breadsticks,Breadsticks,sides,attach,family_share,entry,1638,11285.47,6.89,6820.77,0.6044,-0.9907
2025-08-11,pizzahut,Pizza Hut,ph_large_pizza,Large One-Topping Pizza,pizza,family_meal,family_share,premium,2122,45094.47,21.25,20179.07,0.4475,-1.0039
2025-08-11,pizzahut,Pizza Hut,ph_medium_pizza,Medium One-Topping Pizza,pizza,core_meal,family_share,core,2200,37341.28,16.97,17122.23,0.4585,-1.1772
2025-08-11,pizzahut,Pizza Hut,ph_melts,Pizza Hut Melts,handhelds,traffic_builder,solo_value_meal,core,1872,17021.49,9.09,8726.78,0.5127,-1.4923
2025-08-11,pizzahut,Pizza Hut,ph_my_hut_box,My Hut Box,bundles,traffic_builder,solo_value_meal,value,2214,18945.34,8.56,8853.62,0.4673,-1.8326
2025-08-11,pizzahut,Pizza Hut,ph_original_stuffed_crust,Original Stuffed Crust Pizza,pizza,innovation,family_share,premium,1541,37654.62,24.44,15890.73,0.422,-0.8732
2025-08-11,pizzahut,Pizza Hut,ph_oven_baked_pasta,Oven-Baked Pasta,pasta,core_meal,core_meal,core,1152,14163.27,12.29,6780.94,0.4788,-1.1128
2025-08-11,pizzahut,Pizza Hut,ph_personal_pan,Personal Pan Pizza,pizza,traffic_builder,solo_value_meal,entry,1976,14381.64,7.28,7240.45,0.5035,-1.8312
2025-08-11,pizzahut,Pizza Hut,ph_traditional_wings,Traditional Wings,wings,attach,sports_party,core,1527,19620.81,12.85,8586.53,0.4376,-1.2294
2025-08-11,pizzahut,Pizza Hut,ph_ultimate_cookie,Ultimate Chocolate Chip Cookie,desserts,attach,snack_treat,core,982,8708.42,8.87,5215.6,0.5989,-0.8037
2025-08-18,pizzahut,Pizza Hut,ph_big_dinner_box,Big Dinner Box,bundles,family_meal,family_share,premium,1323,37680.35,28.48,15233.22,0.4043,-0.84
2025-08-18,pizzahut,Pizza Hut,ph_breadsticks,Breadsticks,sides,attach,family_share,entry,1648,11283.13,6.85,6806.45,0.6032,-0.9889
2025-08-18,pizzahut,Pizza Hut,ph_large_pizza,Large One-Topping Pizza,pizza,family_meal,family_share,premium,2122,44798.48,21.11,20069.81,0.448,-1.0035
2025-08-18,pizzahut,Pizza Hut,ph_medium_pizza,Medium One-Topping Pizza,pizza,core_meal,family_share,core,2243,37845.52,16.87,17328.16,0.4579,-1.176
2025-08-18,pizzahut,Pizza Hut,ph_melts,Pizza Hut Melts,handhelds,traffic_builder,solo_value_meal,core,1880,16974.97,9.03,8724.75,0.514,-1.4933
2025-08-18,pizzahut,Pizza Hut,ph_my_hut_box,My Hut Box,bundles,traffic_builder,solo_value_meal,value,2198,18608.88,8.47,8725.09,0.4689,-1.8334
2025-08-18,pizzahut,Pizza Hut,ph_original_stuffed_crust,Original Stuffed Crust Pizza,pizza,innovation,family_share,premium,1545,37480.61,24.26,15799.92,0.4215,-0.8714
2025-08-18,pizzahut,Pizza Hut,ph_oven_baked_pasta,Oven-Baked Pasta,pasta,core_meal,core_meal,core,1162,14189.59,12.21,6778.04,0.4777,-1.1106
2025-08-18,pizzahut,Pizza Hut,ph_personal_pan,Personal Pan Pizza,pizza,traffic_builder,solo_value_meal,entry,1976,14244.61,7.21,7184.29,0.5044,-1.83
2025-08-18,pizzahut,Pizza Hut,ph_traditional_wings,Traditional Wings,wings,attach,sports_party,core,1537,19606.91,12.76,8630.29,0.4402,-1.2311
2025-08-18,pizzahut,Pizza Hut,ph_ultimate_cookie,Ultimate Chocolate Chip Cookie,desserts,attach,snack_treat,core,972,8568.36,8.82,5138.27,0.5997,-0.8037
2025-08-25,pizzahut,Pizza Hut,ph_big_dinner_box,Big Dinner Box,bundles,family_meal,family_share,premium,1305,37442.79,28.69,15122.98,0.4039,-0.8399
2025-08-25,pizzahut,Pizza Hut,ph_breadsticks,Breadsticks,sides,attach,family_share,entry,1631,11248.54,6.9,6802.26,0.6047,-0.9911
2025-08-25,pizzahut,Pizza Hut,ph_large_pizza,Large One-Topping Pizza,pizza,family_meal,family_share,premium,2108,44774.45,21.24,20078.87,0.4484,-1.0044
2025-08-25,pizzahut,Pizza Hut,ph_medium_pizza,Medium One-Topping Pizza,pizza,core_meal,family_share,core,2225,37834.46,17.0,17330.11,0.4581,-1.1779
2025-08-25,pizzahut,Pizza Hut,ph_melts,Pizza Hut Melts,handhelds,traffic_builder,solo_value_meal,core,1862,16923.97,9.09,8656.16,0.5115,-1.4896
2025-08-25,pizzahut,Pizza Hut,ph_my_hut_box,My Hut Box,bundles,traffic_builder,solo_value_meal,value,2222,19010.13,8.56,8876.63,0.4669,-1.8327
2025-08-25,pizzahut,Pizza Hut,ph_original_stuffed_crust,Original Stuffed Crust Pizza,pizza,innovation,family_share,premium,1560,38157.82,24.46,16028.2,0.4201,-0.8711
2025-08-25,pizzahut,Pizza Hut,ph_oven_baked_pasta,Oven-Baked Pasta,pasta,core_meal,core_meal,core,1155,14212.5,12.31,6777.31,0.4769,-1.111
2025-08-25,pizzahut,Pizza Hut,ph_personal_pan,Personal Pan Pizza,pizza,traffic_builder,solo_value_meal,entry,1972,14356.52,7.28,7226.23,0.5033,-1.8308
2025-08-25,pizzahut,Pizza Hut,ph_traditional_wings,Traditional Wings,wings,attach,sports_party,core,1503,19299.44,12.84,8486.11,0.4397,-1.2323
2025-08-25,pizzahut,Pizza Hut,ph_ultimate_cookie,Ultimate Chocolate Chip Cookie,desserts,attach,snack_treat,core,976,8652.4,8.87,5177.53,0.5984,-0.8029
2025-09-01,pizzahut,Pizza Hut,ph_big_dinner_box,Big Dinner Box,bundles,family_meal,family_share,premium,1535,40269.42,26.23,16263.88,0.4039,-0.8229
2025-09-01,pizzahut,Pizza Hut,ph_breadsticks,Breadsticks,sides,attach,family_share,entry,1956,12215.22,6.25,7382.34,0.6044,-0.9686
2025-09-01,pizzahut,Pizza Hut,ph_large_pizza,Large One-Topping Pizza,pizza,family_meal,family_share,premium,2551,49338.48,19.34,22120.16,0.4483,-0.9837
2025-09-01,pizzahut,Pizza Hut,ph_medium_pizza,Medium One-Topping Pizza,pizza,core_meal,family_share,core,2696,41464.39,15.38,18984.79,0.4579,-1.1503
2025-09-01,pizzahut,Pizza Hut,ph_melts,Pizza Hut Melts,handhelds,traffic_builder,solo_value_meal,core,2363,19866.96,8.41,10192.82,0.5131,-1.466
2025-09-01,pizzahut,Pizza Hut,ph_my_hut_box,My Hut Box,bundles,traffic_builder,solo_value_meal,value,3065,23344.81,7.62,10876.21,0.4659,-1.7829
2025-09-01,pizzahut,Pizza Hut,ph_original_stuffed_crust,Original Stuffed Crust Pizza,pizza,innovation,family_share,premium,1799,40348.38,22.43,17022.61,0.4219,-0.8562
2025-09-01,pizzahut,Pizza Hut,ph_oven_baked_pasta,Oven-Baked Pasta,pasta,core_meal,core_meal,core,1344,15128.81,11.26,7224.29,0.4775,-1.089
2025-09-01,pizzahut,Pizza Hut,ph_personal_pan,Personal Pan Pizza,pizza,traffic_builder,solo_value_meal,entry,2683,17477.17,6.51,8801.53,0.5036,-1.7856
2025-09-01,pizzahut,Pizza Hut,ph_traditional_wings,Traditional Wings,wings,attach,sports_party,core,2052,24591.2,11.98,10810.84,0.4396,-1.2128
2025-09-01,pizzahut,Pizza Hut,ph_ultimate_cookie,Ultimate Chocolate Chip Cookie,desserts,attach,snack_treat,core,1099,9177.77,8.35,5482.0,0.5973,-0.7903
2025-09-08,pizzahut,Pizza Hut,ph_big_dinner_box,Big Dinner Box,bundles,family_meal,family_share,premium,1432,41028.57,28.65,16535.72,0.403,-0.839
2025-09-08,pizzahut,Pizza Hut,ph_breadsticks,Breadsticks,sides,attach,family_share,entry,1805,12464.34,6.91,7515.05,0.6029,-0.9898
2025-09-08,pizzahut,Pizza Hut,ph_large_pizza,Large One-Topping Pizza,pizza,family_meal,family_share,premium,2326,49445.77,21.26,22202.08,0.449,-1.0059
2025-09-08,pizzahut,Pizza Hut,ph_medium_pizza,Medium One-Topping Pizza,pizza,core_meal,family_share,core,2381,40460.83,16.99,18552.77,0.4585,-1.1772
2025-09-08,pizzahut,Pizza Hut,ph_melts,Pizza Hut Melts,handhelds,traffic_builder,solo_value_meal,core,2106,19166.26,9.1,9818.11,0.5123,-1.4919
2025-09-08,pizzahut,Pizza Hut,ph_my_hut_box,My Hut Box,bundles,traffic_builder,solo_value_meal,value,2458,21027.38,8.55,9822.51,0.4671,-1.8319
2025-09-08,pizzahut,Pizza Hut,ph_original_stuffed_crust,Original Stuffed Crust Pizza,pizza,innovation,family_share,premium,1670,40855.7,24.46,17194.6,0.4209,-0.8721
2025-09-08,pizzahut,Pizza Hut,ph_oven_baked_pasta,Oven-Baked Pasta,pasta,core_meal,core_meal,core,1234,15180.1,12.3,7224.01,0.4759,-1.1093
2025-09-08,pizzahut,Pizza Hut,ph_personal_pan,Personal Pan Pizza,pizza,traffic_builder,solo_value_meal,entry,2216,16104.81,7.27,8107.72,0.5034,-1.829
2025-09-08,pizzahut,Pizza Hut,ph_traditional_wings,Traditional Wings,wings,attach,sports_party,core,1885,24232.65,12.86,10628.02,0.4386,-1.2313
2025-09-08,pizzahut,Pizza Hut,ph_ultimate_cookie,Ultimate Chocolate Chip Cookie,desserts,attach,snack_treat,core,1053,9338.64,8.87,5571.82,0.5966,-0.8008
2025-09-15,pizzahut,Pizza Hut,ph_big_dinner_box,Big Dinner Box,bundles,family_meal,family_share,premium,1415,40626.84,28.71,16392.61,0.4035,-0.8402
2025-09-15,pizzahut,Pizza Hut,ph_breadsticks,Breadsticks,sides,attach,family_share,entry,1794,12383.11,6.9,7459.41,0.6024,-0.9892
2025-09-15,pizzahut,Pizza Hut,ph_large_pizza,Large One-Topping Pizza,pizza,family_meal,family_share,premium,2277,48436.79,21.27,21782.59,0.4497,-1.0069
2025-09-15,pizzahut,Pizza Hut,ph_medium_pizza,Medium One-Topping Pizza,pizza,core_meal,family_share,core,2405,40900.35,17.01,18720.05,0.4577,-1.1768
2025-09-15,pizzahut,Pizza Hut,ph_melts,Pizza Hut Melts,handhelds,traffic_builder,solo_value_meal,core,2120,19265.78,9.09,9879.56,0.5128,-1.4913
2025-09-15,pizzahut,Pizza Hut,ph_my_hut_box,My Hut Box,bundles,traffic_builder,solo_value_meal,value,2484,21249.79,8.55,9914.0,0.4665,-1.8299
2025-09-15,pizzahut,Pizza Hut,ph_original_stuffed_crust,Original Stuffed Crust Pizza,pizza,innovation,family_share,premium,1686,41188.04,24.43,17345.25,0.4211,-0.8722
2025-09-15,pizzahut,Pizza Hut,ph_oven_baked_pasta,Oven-Baked Pasta,pasta,core_meal,core_meal,core,1243,15274.58,12.29,7303.93,0.4782,-1.1111
2025-09-15,pizzahut,Pizza Hut,ph_personal_pan,Personal Pan Pizza,pizza,traffic_builder,solo_value_meal,entry,2195,15967.59,7.27,8040.5,0.5036,-1.8306
2025-09-15,pizzahut,Pizza Hut,ph_traditional_wings,Traditional Wings,wings,attach,sports_party,core,1887,24229.74,12.84,10644.98,0.4393,-1.2311
2025-09-15,pizzahut,Pizza Hut,ph_ultimate_cookie,Ultimate Chocolate Chip Cookie,desserts,attach,snack_treat,core,1038,9210.34,8.87,5500.48,0.5972,-0.8017
2025-09-22,pizzahut,Pizza Hut,ph_big_dinner_box,Big Dinner Box,bundles,family_meal,family_share,premium,1548,40653.21,26.26,16403.88,0.4035,-0.8237
2025-09-22,pizzahut,Pizza Hut,ph_breadsticks,Breadsticks,sides,attach,family_share,entry,1939,12124.11,6.25,7345.23,0.6058,-0.9706
2025-09-22,pizzahut,Pizza Hut,ph_large_pizza,Large One-Topping Pizza,pizza,family_meal,family_share,premium,2508,48545.79,19.36,21801.76,0.4491,-0.9845
2025-09-22,pizzahut,Pizza Hut,ph_medium_pizza,Medium One-Topping Pizza,pizza,core_meal,family_share,core,2680,41225.36,15.38,18907.1,0.4586,-1.1518
2025-09-22,pizzahut,Pizza Hut,ph_melts,Pizza Hut Melts,handhelds,traffic_builder,solo_value_meal,core,2393,20120.3,8.41,10336.02,0.5137,-1.468
2025-09-22,pizzahut,Pizza Hut,ph_my_hut_box,My Hut Box,bundles,traffic_builder,solo_value_meal,value,3009,22903.28,7.61,10721.08,0.4681,-1.7864
2025-09-22,pizzahut,Pizza Hut,ph_original_stuffed_crust,Original Stuffed Crust Pizza,pizza,innovation,family_share,premium,1763,39486.1,22.4,16700.55,0.4229,-0.8569
2025-09-22,pizzahut,Pizza Hut,ph_oven_baked_pasta,Oven-Baked Pasta,pasta,core_meal,core_meal,core,1366,15358.3,11.24,7335.64,0.4776,-1.0886
2025-09-22,pizzahut,Pizza Hut,ph_personal_pan,Personal Pan Pizza,pizza,traffic_builder,solo_value_meal,entry,2653,17273.58,6.51,8719.49,0.5048,-1.7872
2025-09-22,pizzahut,Pizza Hut,ph_traditional_wings,Traditional Wings,wings,attach,sports_party,core,2031,24341.65,11.99,10727.11,0.4407,-1.2147
2025-09-22,pizzahut,Pizza Hut,ph_ultimate_cookie,Ultimate Chocolate Chip Cookie,desserts,attach,snack_treat,core,1088,9092.75,8.36,5442.85,0.5986,-0.7915
2025-09-29,pizzahut,Pizza Hut,ph_big_dinner_box,Big Dinner Box,bundles,family_meal,family_share,premium,1430,41058.78,28.71,16567.76,0.4035,-0.8399
2025-09-29,pizzahut,Pizza Hut,ph_breadsticks,Breadsticks,sides,attach,family_share,entry,1773,12241.28,6.9,7380.64,0.6029,-0.9899
2025-09-29,pizzahut,Pizza Hut,ph_large_pizza,Large One-Topping Pizza,pizza,family_meal,family_share,premium,2288,48624.98,21.25,21813.77,0.4486,-1.0049
2025-09-29,pizzahut,Pizza Hut,ph_medium_pizza,Medium One-Topping Pizza,pizza,core_meal,family_share,core,2370,40278.0,16.99,18458.5,0.4583,-1.1774
2025-09-29,pizzahut,Pizza Hut,ph_melts,Pizza Hut Melts,handhelds,traffic_builder,solo_value_meal,core,2144,19477.49,9.08,9995.26,0.5132,-1.4919
2025-09-29,pizzahut,Pizza Hut,ph_my_hut_box,My Hut Box,bundles,traffic_builder,solo_value_meal,value,2489,21331.07,8.57,9929.95,0.4655,-1.8312
2025-09-29,pizzahut,Pizza Hut,ph_original_stuffed_crust,Original Stuffed Crust Pizza,pizza,innovation,family_share,premium,1675,40954.84,24.45,17231.45,0.4207,-0.8718
2025-09-29,pizzahut,Pizza Hut,ph_oven_baked_pasta,Oven-Baked Pasta,pasta,core_meal,core_meal,core,1237,15212.94,12.3,7252.7,0.4767,-1.1101
2025-09-29,pizzahut,Pizza Hut,ph_personal_pan,Personal Pan Pizza,pizza,traffic_builder,solo_value_meal,entry,2213,16098.01,7.27,8101.89,0.5033,-1.8298
2025-09-29,pizzahut,Pizza Hut,ph_traditional_wings,Traditional Wings,wings,attach,sports_party,core,1880,24156.21,12.85,10608.19,0.4391,-1.2314
2025-09-29,pizzahut,Pizza Hut,ph_ultimate_cookie,Ultimate Chocolate Chip Cookie,desserts,attach,snack_treat,core,1044,9260.72,8.87,5543.04,0.5986,-0.8026
2025-10-06,pizzahut,Pizza Hut,ph_big_dinner_box,Big Dinner Box,bundles,family_meal,family_share,premium,1432,41153.54,28.74,16505.97,0.4011,-0.8367
2025-10-06,pizzahut,Pizza Hut,ph_breadsticks,Breadsticks,sides,attach,family_share,entry,1788,12340.41,6.9,7443.45,0.6032,-0.9895
2025-10-06,pizzahut,Pizza Hut,ph_large_pizza,Large One-Topping Pizza,pizza,family_meal,family_share,premium,2301,48925.89,21.26,21930.26,0.4482,-1.0032
2025-10-06,pizzahut,Pizza Hut,ph_medium_pizza,Medium One-Topping Pizza,pizza,core_meal,family_share,core,2433,41342.2,16.99,18917.34,0.4576,-1.1754
2025-10-06,pizzahut,Pizza Hut,ph_melts,Pizza Hut Melts,handhelds,traffic_builder,solo_value_meal,core,2031,18467.69,9.09,9462.68,0.5124,-1.4898
2025-10-06,pizzahut,Pizza Hut,ph_my_hut_box,My Hut Box,bundles,traffic_builder,solo_value_meal,value,2397,20526.34,8.56,9569.16,0.4662,-1.8287
2025-10-06,pizzahut,Pizza Hut,ph_original_stuffed_crust,Original Stuffed Crust Pizza,pizza,innovation,family_share,premium,1674,40923.58,24.45,17214.86,0.4207,-0.871
2025-10-06,pizzahut,Pizza Hut,ph_oven_baked_pasta,Oven-Baked Pasta,pasta,core_meal,core_meal,core,1245,15328.06,12.31,7291.35,0.4757,-1.1083
2025-10-06,pizzahut,Pizza Hut,ph_personal_pan,Personal Pan Pizza,pizza,traffic_builder,solo_value_meal,entry,2149,15637.21,7.28,7874.07,0.5035,-1.8289
2025-10-06,pizzahut,Pizza Hut,ph_traditional_wings,Traditional Wings,wings,attach,sports_party,core,1874,24056.29,12.84,10578.0,0.4397,-1.2306
2025-10-06,pizzahut,Pizza Hut,ph_ultimate_cookie,Ultimate Chocolate Chip Cookie,desserts,attach,snack_treat,core,1053,9347.18,8.88,5576.16,0.5966,-0.8008
2025-10-13,pizzahut,Pizza Hut,ph_big_dinner_box,Big Dinner Box,bundles,family_meal,family_share,premium,1511,39615.33,26.22,16014.82,0.4043,-0.8225
2025-10-13,pizzahut,Pizza Hut,ph_breadsticks,Breadsticks,sides,attach,family_share,entry,1953,12222.66,6.26,7378.93,0.6037,-0.9682
2025-10-13,pizzahut,Pizza Hut,ph_large_pizza,Large One-Topping Pizza,pizza,family_meal,family_share,premium,2563,49612.47,19.36,22251.78,0.4485,-0.9833
2025-10-13,pizzahut,Pizza Hut,ph_medium_pizza,Medium One-Topping Pizza,pizza,core_meal,family_share,core,2679,41192.99,15.38,18924.37,0.4594,-1.152
2025-10-13,pizzahut,Pizza Hut,ph_melts,Pizza Hut Melts,handhelds,traffic_builder,solo_value_meal,core,2269,19033.39,8.39,9751.82,0.5124,-1.4623
2025-10-13,pizzahut,Pizza Hut,ph_my_hut_box,My Hut Box,bundles,traffic_builder,solo_value_meal,value,2944,22376.11,7.6,10486.53,0.4686,-1.7853
2025-10-13,pizzahut,Pizza Hut,ph_original_stuffed_crust,Original Stuffed Crust Pizza,pizza,innovation,family_share,premium,1817,40728.93,22.42,17144.18,0.4209,-0.8546
2025-10-13,pizzahut,Pizza Hut,ph_oven_baked_pasta,Oven-Baked Pasta,pasta,core_meal,core_meal,core,1348,15169.8,11.25,7232.23,0.4768,-1.0873
2025-10-13,pizzahut,Pizza Hut,ph_personal_pan,Personal Pan Pizza,pizza,traffic_builder,solo_value_meal,entry,2621,17050.98,6.51,8577.41,0.503,-1.7821
2025-10-13,pizzahut,Pizza Hut,ph_traditional_wings,Traditional Wings,wings,attach,sports_party,core,2092,25065.75,11.98,11025.72,0.4399,-1.2115
2025-10-13,pizzahut,Pizza Hut,ph_ultimate_cookie,Ultimate Chocolate Chip Cookie,desserts,attach,snack_treat,core,1113,9295.29,8.35,5549.95,0.5971,-0.7895
2025-10-20,pizzahut,Pizza Hut,ph_big_dinner_box,Big Dinner Box,bundles,family_meal,family_share,premium,1440,41305.25,28.68,16631.94,0.4027,-0.8378
2025-10-20,pizzahut,Pizza Hut,ph_breadsticks,Breadsticks,sides,attach,family_share,entry,1813,12516.97,6.9,7550.58,0.6032,-0.9892
2025-10-20,pizzahut,Pizza Hut,ph_large_pizza,Large One-Topping Pizza,pizza,family_meal,family_share,premium,2315,49113.85,21.22,22071.61,0.4494,-1.0038
2025-10-20,pizzahut,Pizza Hut,ph_medium_pizza,Medium One-Topping Pizza,pizza,core_meal,family_share,core,2388,40592.0,17.0,18564.14,0.4573,-1.1748
2025-10-20,pizzahut,Pizza Hut,ph_melts,Pizza Hut Melts,handhelds,traffic_builder,solo_value_meal,core,2067,18804.59,9.1,9624.79,0.5118,-1.4895
2025-10-20,pizzahut,Pizza Hut,ph_my_hut_box,My Hut Box,bundles,traffic_builder,solo_value_meal,value,2381,20378.5,8.56,9546.0,0.4684,-1.834
2025-10-20,pizzahut,Pizza Hut,ph_original_stuffed_crust,Original Stuffed Crust Pizza,pizza,innovation,family_share,premium,1677,40962.77,24.43,17267.21,0.4215,-0.8714
2025-10-20,pizzahut,Pizza Hut,ph_oven_baked_pasta,Oven-Baked Pasta,pasta,core_meal,core_meal,core,1241,15266.83,12.3,7273.98,0.4765,-1.1087
2025-10-20,pizzahut,Pizza Hut,ph_personal_pan,Personal Pan Pizza,pizza,traffic_builder,solo_value_meal,entry,2140,15574.08,7.28,7843.94,0.5037,-1.8289
2025-10-20,pizzahut,Pizza Hut,ph_traditional_wings,Traditional Wings,wings,attach,sports_party,core,1900,24412.68,12.85,10715.52,0.4389,-1.2289
2025-10-20,pizzahut,Pizza Hut,ph_ultimate_cookie,Ultimate Chocolate Chip Cookie,desserts,attach,snack_treat,core,1048,9291.24,8.87,5547.67,0.5971,-0.8007
2025-10-27,pizzahut,Pizza Hut,ph_big_dinner_box,Big Dinner Box,bundles,family_meal,family_share,premium,1434,41147.27,28.69,16571.32,0.4027,-0.8377
2025-10-27,pizzahut,Pizza Hut,ph_breadsticks,Breadsticks,sides,attach,family_share,entry,1801,12430.02,6.9,7498.79,0.6033,-0.989
2025-10-27,pizzahut,Pizza Hut,ph_large_pizza,Large One-Topping Pizza,pizza,family_meal,family_share,premium,2279,48427.52,21.25,21732.86,0.4488,-1.0039
2025-10-27,pizzahut,Pizza Hut,ph_medium_pizza,Medium One-Topping Pizza,pizza,core_meal,family_share,core,2386,40599.36,17.02,18602.34,0.4582,-1.1766
2025-10-27,pizzahut,Pizza Hut,ph_melts,Pizza Hut Melts,handhelds,traffic_builder,solo_value_meal,core,2027,18448.61,9.1,9461.65,0.5129,-1.4913
2025-10-27,pizzahut,Pizza Hut,ph_my_hut_box,My Hut Box,bundles,traffic_builder,solo_value_meal,value,2395,20508.74,8.56,9572.18,0.4667,-1.8303
2025-10-27,pizzahut,Pizza Hut,ph_original_stuffed_crust,Original Stuffed Crust Pizza,pizza,innovation,family_share,premium,1649,40324.32,24.45,16979.89,0.4211,-0.8713
2025-10-27,pizzahut,Pizza Hut,ph_oven_baked_pasta,Oven-Baked Pasta,pasta,core_meal,core_meal,core,1225,15094.25,12.32,7202.09,0.4771,-1.1105
2025-10-27,pizzahut,Pizza Hut,ph_personal_pan,Personal Pan Pizza,pizza,traffic_builder,solo_value_meal,entry,2149,15644.15,7.28,7869.09,0.503,-1.8278
2025-10-27,pizzahut,Pizza Hut,ph_traditional_wings,Traditional Wings,wings,attach,sports_party,core,1907,24508.6,12.85,10790.57,0.4403,-1.2319
2025-10-27,pizzahut,Pizza Hut,ph_ultimate_cookie,Ultimate Chocolate Chip Cookie,desserts,attach,snack_treat,core,1052,9335.37,8.87,5571.28,0.5968,-0.8003
2025-11-03,pizzahut,Pizza Hut,ph_big_dinner_box,Big Dinner Box,bundles,family_meal,family_share,premium,1463,38384.29,26.24,15520.41,0.4043,-0.8213
2025-11-03,pizzahut,Pizza Hut,ph_breadsticks,Breadsticks,sides,attach,family_share,entry,1846,11539.56,6.25,6975.62,0.6045,-0.9666
2025-11-03,pizzahut,Pizza Hut,ph_large_pizza,Large One-Topping Pizza,pizza,family_meal,family_share,premium,2410,46655.16,19.36,20930.12,0.4486,-0.9818
2025-11-03,pizzahut,Pizza Hut,ph_medium_pizza,Medium One-Topping Pizza,pizza,core_meal,family_share,core,2585,39777.76,15.39,18258.03,0.459,-1.1492
2025-11-03,pizzahut,Pizza Hut,ph_melts,Pizza Hut Melts,handhelds,traffic_builder,solo_value_meal,core,2313,19458.0,8.41,9955.32,0.5116,-1.4609
2025-11-03,pizzahut,Pizza Hut,ph_my_hut_box,My Hut Box,bundles,traffic_builder,solo_value_meal,value,2979,22639.64,7.6,10593.94,0.4679,-1.7809
2025-11-03,pizzahut,Pizza Hut,ph_original_stuffed_crust,Original Stuffed Crust Pizza,pizza,innovation,family_share,premium,1722,38547.96,22.39,16331.53,0.4237,-0.8554
2025-11-03,pizzahut,Pizza Hut,ph_oven_baked_pasta,Oven-Baked Pasta,pasta,core_meal,core_meal,core,1389,15641.54,11.26,7466.89,0.4774,-1.0864
2025-11-03,pizzahut,Pizza Hut,ph_personal_pan,Personal Pan Pizza,pizza,traffic_builder,solo_value_meal,entry,2602,16955.1,6.52,8547.83,0.5041,-1.782
2025-11-03,pizzahut,Pizza Hut,ph_traditional_wings,Traditional Wings,wings,attach,sports_party,core,2087,25002.6,11.98,10982.49,0.4393,-1.2089
2025-11-03,pizzahut,Pizza Hut,ph_ultimate_cookie,Ultimate Chocolate Chip Cookie,desserts,attach,snack_treat,core,1100,9199.61,8.36,5490.23,0.5968,-0.7884
2025-11-10,pizzahut,Pizza Hut,ph_big_dinner_box,Big Dinner Box,bundles,family_meal,family_share,premium,1363,39117.23,28.7,15752.56,0.4027,-0.8369
2025-11-10,pizzahut,Pizza Hut,ph_breadsticks,Breadsticks,sides,attach,family_share,entry,1719,11867.02,6.9,7158.41,0.6032,-0.9876
2025-11-10,pizzahut,Pizza Hut,ph_large_pizza,Large One-Topping Pizza,pizza,family_meal,family_share,premium,2187,46483.84,21.25,20847.45,0.4485,-1.0021
2025-11-10,pizzahut,Pizza Hut,ph_medium_pizza,Medium One-Topping Pizza,pizza,core_meal,family_share,core,2306,39222.79,17.01,17936.53,0.4573,-1.1736
2025-11-10,pizzahut,Pizza Hut,ph_melts,Pizza Hut Melts,handhelds,traffic_builder,solo_value_meal,core,2042,18573.34,9.1,9508.18,0.5119,-1.4874
2025-11-10,pizzahut,Pizza Hut,ph_my_hut_box,My Hut Box,bundles,traffic_builder,solo_value_meal,value,2414,20652.63,8.56,9646.49,0.4671,-1.8278
2025-11-10,pizzahut,Pizza Hut,ph_original_stuffed_crust,Original Stuffed Crust Pizza,pizza,innovation,family_share,premium,1596,38975.63,24.42,16467.48,0.4225,-0.8708
2025-11-10,pizzahut,Pizza Hut,ph_oven_baked_pasta,Oven-Baked Pasta,pasta,core_meal,core_meal,core,1246,15343.96,12.31,7316.15,0.4768,-1.1079
2025-11-10,pizzahut,Pizza Hut,ph_personal_pan,Personal Pan Pizza,pizza,traffic_builder,solo_value_meal,entry,2152,15641.09,7.27,7859.11,0.5025,-1.823
2025-11-10,pizzahut,Pizza Hut,ph_traditional_wings,Traditional Wings,wings,attach,sports_party,core,1893,24288.93,12.83,10690.14,0.4401,-1.2286
2025-11-10,pizzahut,Pizza Hut,ph_ultimate_cookie,Ultimate Chocolate Chip Cookie,desserts,attach,snack_treat,core,1053,9324.98,8.86,5573.54,0.5977,-0.7992
2025-11-17,pizzahut,Pizza Hut,ph_big_dinner_box,Big Dinner Box,bundles,family_meal,family_share,premium,1378,39506.1,28.67,15934.8,0.4034,-0.8372
2025-11-17,pizzahut,Pizza Hut,ph_breadsticks,Breadsticks,sides,attach,family_share,entry,1723,11868.81,6.89,7174.57,0.6045,-0.988
2025-11-17,pizzahut,Pizza Hut,ph_large_pizza,Large One-Topping Pizza,pizza,family_meal,family_share,premium,2196,46678.65,21.26,20955.67,0.4489,-1.0026
2025-11-17,pizzahut,Pizza Hut,ph_medium_pizza,Medium One-Topping Pizza,pizza,core_meal,family_share,core,2301,39097.34,16.99,17899.51,0.4578,-1.1738
2025-11-17,pizzahut,Pizza Hut,ph_melts,Pizza Hut Melts,handhelds,traffic_builder,solo_value_meal,core,2033,18471.78,9.09,9501.33,0.5144,-1.4909
2025-11-17,pizzahut,Pizza Hut,ph_my_hut_box,My Hut Box,bundles,traffic_builder,solo_value_meal,value,2360,20197.13,8.56,9420.1,0.4664,-1.8264
2025-11-17,pizzahut,Pizza Hut,ph_original_stuffed_crust,Original Stuffed Crust Pizza,pizza,innovation,family_share,premium,1594,38928.18,24.42,16443.72,0.4224,-0.8709
2025-11-17,pizzahut,Pizza Hut,ph_oven_baked_pasta,Oven-Baked Pasta,pasta,core_meal,core_meal,core,1244,15301.65,12.3,7304.86,0.4774,-1.1081
2025-11-17,pizzahut,Pizza Hut,ph_personal_pan,Personal Pan Pizza,pizza,traffic_builder,solo_value_meal,entry,2172,15794.15,7.27,7935.48,0.5024,-1.8229
2025-11-17,pizzahut,Pizza Hut,ph_traditional_wings,Traditional Wings,wings,attach,sports_party,core,1919,24671.09,12.86,10822.54,0.4387,-1.2279
2025-11-17,pizzahut,Pizza Hut,ph_ultimate_cookie,Ultimate Chocolate Chip Cookie,desserts,attach,snack_treat,core,1035,9176.01,8.87,5496.77,0.599,-0.8007
2025-11-24,pizzahut,Pizza Hut,ph_big_dinner_box,Big Dinner Box,bundles,family_meal,family_share,premium,1475,38728.86,26.26,15619.96,0.4033,-0.8207
2025-11-24,pizzahut,Pizza Hut,ph_breadsticks,Breadsticks,sides,attach,family_share,entry,1868,11683.22,6.25,7076.47,0.6057,-0.968
2025-11-24,pizzahut,Pizza Hut,ph_large_pizza,Large One-Topping Pizza,pizza,family_meal,family_share,premium,2394,46323.76,19.35,20861.9,0.4503,-0.9835
2025-11-24,pizzahut,Pizza Hut,ph_medium_pizza,Medium One-Topping Pizza,pizza,core_meal,family_share,core,2597,40002.06,15.4,18299.66,0.4575,-1.1477
2025-11-24,pizzahut,Pizza Hut,ph_melts,Pizza Hut Melts,handhelds,traffic_builder,solo_value_meal,core,2293,19264.0,8.4,9894.49,0.5136,-1.4633
2025-11-24,pizzahut,Pizza Hut,ph_my_hut_box,My Hut Box,bundles,traffic_builder,solo_value_meal,value,2933,22302.03,7.6,10443.9,0.4683,-1.7821
2025-11-24,pizzahut,Pizza Hut,ph_original_stuffed_crust,Original Stuffed Crust Pizza,pizza,innovation,family_share,premium,1715,38455.64,22.42,16241.75,0.4224,-0.8542
2025-11-24,pizzahut,Pizza Hut,ph_oven_baked_pasta,Oven-Baked Pasta,pasta,core_meal,core_meal,core,1374,15463.0,11.25,7389.27,0.4779,-1.0865
2025-11-24,pizzahut,Pizza Hut,ph_personal_pan,Personal Pan Pizza,pizza,traffic_builder,solo_value_meal,entry,2636,17159.5,6.51,8651.18,0.5042,-1.7814
2025-11-24,pizzahut,Pizza Hut,ph_traditional_wings,Traditional Wings,wings,attach,sports_party,core,2050,24590.22,12.0,10836.72,0.4407,-1.2118
2025-11-24,pizzahut,Pizza Hut,ph_ultimate_cookie,Ultimate Chocolate Chip Cookie,desserts,attach,snack_treat,core,1088,9094.43,8.36,5434.63,0.5976,-0.7892
2025-12-01,pizzahut,Pizza Hut,ph_big_dinner_box,Big Dinner Box,bundles,family_meal,family_share,premium,1280,36703.1,28.67,14822.84,0.4039,-0.8363
2025-12-01,pizzahut,Pizza Hut,ph_breadsticks,Breadsticks,sides,attach,family_share,entry,1581,10903.41,6.9,6596.9,0.605,-0.9871
2025-12-01,pizzahut,Pizza Hut,ph_large_pizza,Large One-Topping Pizza,pizza,family_meal,family_share,premium,2052,43609.67,21.25,19531.46,0.4479,-0.9997
2025-12-01,pizzahut,Pizza Hut,ph_medium_pizza,Medium One-Topping Pizza,pizza,core_meal,family_share,core,2143,36415.65,16.99,16699.86,0.4586,-1.1726
2025-12-01,pizzahut,Pizza Hut,ph_melts,Pizza Hut Melts,handhelds,traffic_builder,solo_value_meal,core,1910,17354.35,9.09,8914.91,0.5137,-1.487
2025-12-01,pizzahut,Pizza Hut,ph_my_hut_box,My Hut Box,bundles,traffic_builder,solo_value_meal,value,2254,19291.01,8.56,8997.1,0.4664,-1.8222
2025-12-01,pizzahut,Pizza Hut,ph_original_stuffed_crust,Original Stuffed Crust Pizza,pizza,innovation,family_share,premium,1468,35863.85,24.43,15110.95,0.4213,-0.8682
2025-12-01,pizzahut,Pizza Hut,ph_oven_baked_pasta,Oven-Baked Pasta,pasta,core_meal,core_meal,core,1156,14238.34,12.32,6782.98,0.4764,-1.1061
2025-12-01,pizzahut,Pizza Hut,ph_personal_pan,Personal Pan Pizza,pizza,traffic_builder,solo_value_meal,entry,2017,14671.87,7.27,7378.64,0.5029,-1.8214
2025-12-01,pizzahut,Pizza Hut,ph_traditional_wings,Traditional Wings,wings,attach,sports_party,core,1551,19914.34,12.84,8760.88,0.4399,-1.2268
2025-12-01,pizzahut,Pizza Hut,ph_ultimate_cookie,Ultimate Chocolate Chip Cookie,desserts,attach,snack_treat,core,986,8740.38,8.86,5231.53,0.5985,-0.7995
2025-12-08,pizzahut,Pizza Hut,ph_big_dinner_box,Big Dinner Box,bundles,family_meal,family_share,premium,1277,36654.9,28.7,14807.45,0.404,-0.8366
2025-12-08,pizzahut,Pizza Hut,ph_breadsticks,Breadsticks,sides,attach,family_share,entry,1591,10980.99,6.9,6632.97,0.604,-0.9862
2025-12-08,pizzahut,Pizza Hut,ph_large_pizza,Large One-Topping Pizza,pizza,family_meal,family_share,premium,2074,44106.21,21.27,19745.45,0.4477,-1.0003
2025-12-08,pizzahut,Pizza Hut,ph_medium_pizza,Medium One-Topping Pizza,pizza,core_meal,family_share,core,2123,36093.22,17.0,16512.09,0.4575,-1.1712
2025-12-08,pizzahut,Pizza Hut,ph_melts,Pizza Hut Melts,handhelds,traffic_builder,solo_value_meal,core,1923,17484.13,9.09,8966.84,0.5129,-1.4857
2025-12-08,pizzahut,Pizza Hut,ph_my_hut_box,My Hut Box,bundles,traffic_builder,solo_value_meal,value,2218,18998.6,8.57,8867.43,0.4667,-1.8238
2025-12-08,pizzahut,Pizza Hut,ph_original_stuffed_crust,Original Stuffed Crust Pizza,pizza,innovation,family_share,premium,1503,36736.67,24.44,15464.09,0.4209,-0.868
2025-12-08,pizzahut,Pizza Hut,ph_oven_baked_pasta,Oven-Baked Pasta,pasta,core_meal,core_meal,core,1179,14506.47,12.3,6917.15,0.4768,-1.1058
2025-12-08,pizzahut,Pizza Hut,ph_personal_pan,Personal Pan Pizza,pizza,traffic_builder,solo_value_meal,entry,1981,14416.23,7.28,7247.28,0.5027,-1.8212
2025-12-08,pizzahut,Pizza Hut,ph_traditional_wings,Traditional Wings,wings,attach,sports_party,core,1554,19939.62,12.83,8744.76,0.4386,-1.2243
2025-12-08,pizzahut,Pizza Hut,ph_ultimate_cookie,Ultimate Chocolate Chip Cookie,desserts,attach,snack_treat,core,999,8869.52,8.88,5294.95,0.597,-0.7983
2025-12-15,pizzahut,Pizza Hut,ph_big_dinner_box,Big Dinner Box,bundles,family_meal,family_share,premium,1268,36407.19,28.71,14697.38,0.4037,-0.8365
2025-12-15,pizzahut,Pizza Hut,ph_breadsticks,Breadsticks,sides,attach,family_share,entry,1596,11013.06,6.9,6646.85,0.6035,-0.986
2025-12-15,pizzahut,Pizza Hut,ph_large_pizza,Large One-Topping Pizza,pizza,family_meal,family_share,premium,2065,43857.5,21.24,19725.39,0.4498,-1.0022
2025-12-15,pizzahut,Pizza Hut,ph_medium_pizza,Medium One-Topping Pizza,pizza,core_meal,family_share,core,2141,36392.94,17.0,16663.33,0.4579,-1.1716
2025-12-15,pizzahut,Pizza Hut,ph_melts,Pizza Hut Melts,handhelds,traffic_builder,solo_value_meal,core,1934,17611.1,9.11,8999.8,0.511,-1.4835
2025-12-15,pizzahut,Pizza Hut,ph_my_hut_box,My Hut Box,bundles,traffic_builder,solo_value_meal,value,2227,19050.27,8.55,8898.77,0.4671,-1.8238
2025-12-15,pizzahut,Pizza Hut,ph_original_stuffed_crust,Original Stuffed Crust Pizza,pizza,innovation,family_share,premium,1498,36589.5,24.43,15429.99,0.4217,-0.8689
2025-12-15,pizzahut,Pizza Hut,ph_oven_baked_pasta,Oven-Baked Pasta,pasta,core_meal,core_meal,core,1164,14305.2,12.29,6823.16,0.477,-1.1054
2025-12-15,pizzahut,Pizza Hut,ph_personal_pan,Personal Pan Pizza,pizza,traffic_builder,solo_value_meal,entry,2023,14712.12,7.27,7406.68,0.5034,-1.8216
2025-12-15,pizzahut,Pizza Hut,ph_traditional_wings,Traditional Wings,wings,attach,sports_party,core,1556,19989.45,12.85,8766.16,0.4385,-1.225
2025-12-15,pizzahut,Pizza Hut,ph_ultimate_cookie,Ultimate Chocolate Chip Cookie,desserts,attach,snack_treat,core,990,8783.23,8.87,5258.92,0.5987,-0.8
2025-12-22,pizzahut,Pizza Hut,ph_big_dinner_box,Big Dinner Box,bundles,family_meal,family_share,premium,1338,36167.43,27.03,14576.9,0.403,-0.8253
2025-12-22,pizzahut,Pizza Hut,ph_breadsticks,Breadsticks,sides,attach,family_share,entry,1710,11054.57,6.46,6684.52,0.6047,-0.9731
2025-12-22,pizzahut,Pizza Hut,ph_large_pizza,Large One-Topping Pizza,pizza,family_meal,family_share,premium,2187,43674.22,19.97,19608.77,0.449,-0.9887
2025-12-22,pizzahut,Pizza Hut,ph_medium_pizza,Medium One-Topping Pizza,pizza,core_meal,family_share,core,2319,36866.14,15.9,16921.05,0.459,-1.1567
2025-12-22,pizzahut,Pizza Hut,ph_melts,Pizza Hut Melts,handhelds,traffic_builder,solo_value_meal,core,2058,17761.81,8.63,9124.24,0.5137,-1.4707
2025-12-22,pizzahut,Pizza Hut,ph_my_hut_box,My Hut Box,bundles,traffic_builder,solo_value_meal,value,2577,20416.01,7.92,9518.66,0.4662,-1.7933
2025-12-22,pizzahut,Pizza Hut,ph_original_stuffed_crust,Original Stuffed Crust Pizza,pizza,innovation,family_share,premium,1586,36612.52,23.08,15409.29,0.4209,-0.858
2025-12-22,pizzahut,Pizza Hut,ph_oven_baked_pasta,Oven-Baked Pasta,pasta,core_meal,core_meal,core,1245,14429.98,11.59,6886.32,0.4772,-1.092
2025-12-22,pizzahut,Pizza Hut,ph_personal_pan,Personal Pan Pizza,pizza,traffic_builder,solo_value_meal,entry,2302,15584.85,6.77,7849.56,0.5037,-1.7947
2025-12-22,pizzahut,Pizza Hut,ph_traditional_wings,Traditional Wings,wings,attach,sports_party,core,1639,20082.29,12.25,8839.14,0.4401,-1.215
2025-12-22,pizzahut,Pizza Hut,ph_ultimate_cookie,Ultimate Chocolate Chip Cookie,desserts,attach,snack_treat,core,1016,8648.6,8.51,5170.15,0.5978,-0.7917
2025-12-29,pizzahut,Pizza Hut,ph_big_dinner_box,Big Dinner Box,bundles,family_meal,family_share,premium,1268,36377.19,28.69,14707.87,0.4043,-0.8371
2025-12-29,pizzahut,Pizza Hut,ph_breadsticks,Breadsticks,sides,attach,family_share,entry,1566,10805.46,6.9,6526.03,0.604,-0.9861
2025-12-29,pizzahut,Pizza Hut,ph_large_pizza,Large One-Topping Pizza,pizza,family_meal,family_share,premium,2047,43474.89,21.24,19462.05,0.4477,-0.9987
2025-12-29,pizzahut,Pizza Hut,ph_medium_pizza,Medium One-Topping Pizza,pizza,core_meal,family_share,core,2127,36193.8,17.02,16602.25,0.4587,-1.1735
2025-12-29,pizzahut,Pizza Hut,ph_melts,Pizza Hut Melts,handhelds,traffic_builder,solo_value_meal,core,1928,17541.85,9.1,8994.89,0.5128,-1.4858
2025-12-29,pizzahut,Pizza Hut,ph_my_hut_box,My Hut Box,bundles,traffic_builder,solo_value_meal,value,2211,18927.7,8.56,8834.41,0.4667,-1.8235
2025-12-29,pizzahut,Pizza Hut,ph_original_stuffed_crust,Original Stuffed Crust Pizza,pizza,innovation,family_share,premium,1499,36632.99,24.44,15433.64,0.4213,-0.8683
2025-12-29,pizzahut,Pizza Hut,ph_oven_baked_pasta,Oven-Baked Pasta,pasta,core_meal,core_meal,core,1169,14370.39,12.29,6864.69,0.4777,-1.1065
2025-12-29,pizzahut,Pizza Hut,ph_personal_pan,Personal Pan Pizza,pizza,traffic_builder,solo_value_meal,entry,1998,14526.95,7.27,7331.84,0.5047,-1.8238
2025-12-29,pizzahut,Pizza Hut,ph_traditional_wings,Traditional Wings,wings,attach,sports_party,core,1552,19956.56,12.86,8751.22,0.4385,-1.2254
2025-12-29,pizzahut,Pizza Hut,ph_ultimate_cookie,Ultimate Chocolate Chip Cookie,desserts,attach,snack_treat,core,985,8724.98,8.86,5217.62,0.598,-0.7989
