offer_id,week_start,year_week,brand_id,market_id,offer_type,offer_name,channel_scope,avg_discount_pct,participating_item_count,participating_store_count,promo_units,promo_sales,headline_items,notes
camp_0028,2025-01-27,2025-01-27,tacobell,los_angeles_ca,value_box,Luxe Box Value Pulse,all,9.0,4,1,,,Breakfast Crunchwrap | Luxe Cravings Box | Value Burrito | Value Taco,Value architecture support to protect late-night and lunch traffic.
camp_0029,2025-01-27,2025-01-27,tacobell,dallas_tx,value_box,Luxe Box Value Pulse,all,9.0,4,1,,,Breakfast Crunchwrap | Luxe Cravings Box | Value Burrito | Value Taco,Value architecture support to protect late-night and lunch traffic.
camp_0030,2025-01-27,2025-01-27,tacobell,chicago_il,value_box,Luxe Box Value Pulse,all,9.0,4,1,,,Breakfast Crunchwrap | Luxe Cravings Box | Value Burrito | Value Taco,Value architecture support to protect late-night and lunch traffic.
camp_0031,2025-01-27,2025-01-27,tacobell,atlanta_ga,value_box,Luxe Box Value Pulse,all,9.0,4,1,,,Breakfast Crunchwrap | Luxe Cravings Box | Value Burrito | Value Taco,Value architecture support to protect late-night and lunch traffic.
camp_0032,2025-01-27,2025-01-27,tacobell,new_york_ny,value_box,Luxe Box Value Pulse,all,9.0,4,1,,,Breakfast Crunchwrap | Luxe Cravings Box | Value Burrito | Value Taco,Value architecture support to protect late-night and lunch traffic.
camp_0033,2025-01-27,2025-01-27,tacobell,miami_fl,value_box,Luxe Box Value Pulse,all,9.0,4,1,,,Breakfast Crunchwrap | Luxe Cravings Box | Value Burrito | Value Taco,Value architecture support to protect late-night and lunch traffic.
camp_0034,2025-01-27,2025-01-27,tacobell,phoenix_az,value_box,Luxe Box Value Pulse,all,9.0,4,1,,,Breakfast Crunchwrap | Luxe Cravings Box | Value Burrito | Value Taco,Value architecture support to protect late-night and lunch traffic.
camp_0035,2025-01-27,2025-01-27,tacobell,denver_co,value_box,Luxe Box Value Pulse,all,9.0,4,1,,,Breakfast Crunchwrap | Luxe Cravings Box | Value Burrito | Value Taco,Value architecture support to protect late-night and lunch traffic.
camp_0036,2025-01-27,2025-01-27,tacobell,seattle_wa,value_box,Luxe Box Value Pulse,all,9.0,4,1,,,Breakfast Crunchwrap | Luxe Cravings Box | Value Burrito | Value Taco,Value architecture support to protect late-night and lunch traffic.
camp_0037,2025-01-27,2025-01-27,tacobell,nashville_tn,value_box,Luxe Box Value Pulse,all,9.0,4,1,,,Breakfast Crunchwrap | Luxe Cravings Box | Value Burrito | Value Taco,Value architecture support to protect late-night and lunch traffic.
camp_0038,2025-01-27,2025-01-27,tacobell,minneapolis_mn,value_box,Luxe Box Value Pulse,all,9.0,4,1,,,Breakfast Crunchwrap | Luxe Cravings Box | Value Burrito | Value Taco,Value architecture support to protect late-night and lunch traffic.
camp_0039,2025-01-27,2025-01-27,tacobell,charlotte_nc,value_box,Luxe Box Value Pulse,all,9.0,4,1,,,Breakfast Crunchwrap | Luxe Cravings Box | Value Burrito | Value Taco,Value architecture support to protect late-night and lunch traffic.
camp_0064,2025-02-24,2025-02-24,tacobell,los_angeles_ca,value_box,Luxe Box Value Pulse,all,9.0,4,1,,,Breakfast Crunchwrap | Luxe Cravings Box | Value Burrito | Value Taco,Value architecture support to protect late-night and lunch traffic.
camp_0066,2025-02-24,2025-02-24,tacobell,dallas_tx,value_box,Luxe Box Value Pulse,all,9.0,4,1,,,Breakfast Crunchwrap | Luxe Cravings Box | Value Burrito | Value Taco,Value architecture support to protect late-night and lunch traffic.
camp_0068,2025-02-24,2025-02-24,tacobell,chicago_il,value_box,Luxe Box Value Pulse,all,9.0,4,1,,,Breakfast Crunchwrap | Luxe Cravings Box | Value Burrito | Value Taco,Value architecture support to protect late-night and lunch traffic.
camp_0070,2025-02-24,2025-02-24,tacobell,atlanta_ga,value_box,Luxe Box Value Pulse,all,9.0,4,1,,,Breakfast Crunchwrap | Luxe Cravings Box | Value Burrito | Value Taco,Value architecture support to protect late-night and lunch traffic.
camp_0072,2025-02-24,2025-02-24,tacobell,new_york_ny,value_box,Luxe Box Value Pulse,all,9.0,4,1,,,Breakfast Crunchwrap | Luxe Cravings Box | Value Burrito | Value Taco,Value architecture support to protect late-night and lunch traffic.
camp_0074,2025-02-24,2025-02-24,tacobell,miami_fl,value_box,Luxe Box Value Pulse,all,9.0,4,1,,,Breakfast Crunchwrap | Luxe Cravings Box | Value Burrito | Value Taco,Value architecture support to protect late-night and lunch traffic.
camp_0076,2025-02-24,2025-02-24,tacobell,phoenix_az,value_box,Luxe Box Value Pulse,all,9.0,4,1,,,Breakfast Crunchwrap | Luxe Cravings Box | Value Burrito | Value Taco,Value architecture support to protect late-night and lunch traffic.
camp_0078,2025-02-24,2025-02-24,tacobell,denver_co,value_box,Luxe Box Value Pulse,all,9.0,4,1,,,Breakfast Crunchwrap | Luxe Cravings Box | Value Burrito | Value Taco,Value architecture support to protect late-night and lunch traffic.
camp_0080,2025-02-24,2025-02-24,tacobell,seattle_wa,value_box,Luxe Box Value Pulse,all,9.0,4,1,,,Breakfast Crunchwrap | Luxe Cravings Box | Value Burrito | Value Taco,Value architecture support to protect late-night and lunch traffic.
camp_0082,2025-02-24,2025-02-24,tacobell,nashville_tn,value_box,Luxe Box Value Pulse,all,9.0,4,1,,,Breakfast Crunchwrap | Luxe Cravings Box | Value Burrito | Value Taco,Value architecture support to protect late-night and lunch traffic.
camp_0084,2025-02-24,2025-02-24,tacobell,minneapolis_mn,value_box,Luxe Box Value Pulse,all,9.0,4,1,,,Breakfast Crunchwrap | Luxe Cravings Box | Value Burrito | Value Taco,Value architecture support to protect late-night and lunch traffic.
camp_0086,2025-02-24,2025-02-24,tacobell,charlotte_nc,value_box,Luxe Box Value Pulse,all,9.0,4,1,,,Breakfast Crunchwrap | Luxe Cravings Box | Value Burrito | Value Taco,Value architecture support to protect late-night and lunch traffic.
camp_0115,2025-03-24,2025-03-24,tacobell,los_angeles_ca,value_box,Luxe Box Value Pulse,all,9.0,4,1,,,Breakfast Crunchwrap | Luxe Cravings Box | Value Burrito | Value Taco,Value architecture support to protect late-night and lunch traffic.
camp_0116,2025-03-24,2025-03-24,tacobell,dallas_tx,value_box,Luxe Box Value Pulse,all,9.0,4,1,,,Breakfast Crunchwrap | Luxe Cravings Box | Value Burrito | Value Taco,Value architecture support to protect late-night and lunch traffic.
camp_0117,2025-03-24,2025-03-24,tacobell,chicago_il,value_box,Luxe Box Value Pulse,all,9.0,4,1,,,Breakfast Crunchwrap | Luxe Cravings Box | Value Burrito | Value Taco,Value architecture support to protect late-night and lunch traffic.
camp_0118,2025-03-24,2025-03-24,tacobell,atlanta_ga,value_box,Luxe Box Value Pulse,all,9.0,4,1,,,Breakfast Crunchwrap | Luxe Cravings Box | Value Burrito | Value Taco,Value architecture support to protect late-night and lunch traffic.
camp_0119,2025-03-24,2025-03-24,tacobell,new_york_ny,value_box,Luxe Box Value Pulse,all,9.0,4,1,,,Breakfast Crunchwrap | Luxe Cravings Box | Value Burrito | Value Taco,Value architecture support to protect late-night and lunch traffic.
camp_0120,2025-03-24,2025-03-24,tacobell,miami_fl,value_box,Luxe Box Value Pulse,all,9.0,4,1,,,Breakfast Crunchwrap | Luxe Cravings Box | Value Burrito | Value Taco,Value architecture support to protect late-night and lunch traffic.
camp_0121,2025-03-24,2025-03-24,tacobell,phoenix_az,value_box,Luxe Box Value Pulse,all,9.0,4,1,,,Breakfast Crunchwrap | Luxe Cravings Box | Value Burrito | Value Taco,Value architecture support to protect late-night and lunch traffic.
camp_0122,2025-03-24,2025-03-24,tacobell,denver_co,value_box,Luxe Box Value Pulse,all,9.0,4,1,,,Breakfast Crunchwrap | Luxe Cravings Box | Value Burrito | Value Taco,Value architecture support to protect late-night and lunch traffic.
camp_0123,2025-03-24,2025-03-24,tacobell,seattle_wa,value_box,Luxe Box Value Pulse,all,9.0,4,1,,,Breakfast Crunchwrap | Luxe Cravings Box | Value Burrito | Value Taco,Value architecture support to protect late-night and lunch traffic.
camp_0124,2025-03-24,2025-03-24,tacobell,nashville_tn,value_box,Luxe Box Value Pulse,all,9.0,4,1,,,Breakfast Crunchwrap | Luxe Cravings Box | Value Burrito | Value Taco,Value architecture support to protect late-night and lunch traffic.
camp_0125,2025-03-24,2025-03-24,tacobell,minneapolis_mn,value_box,Luxe Box Value Pulse,all,9.0,4,1,,,Breakfast Crunchwrap | Luxe Cravings Box | Value Burrito | Value Taco,Value architecture support to protect late-night and lunch traffic.
camp_0126,2025-03-24,2025-03-24,tacobell,charlotte_nc,value_box,Luxe Box Value Pulse,all,9.0,4,1,,,Breakfast Crunchwrap | Luxe Cravings Box | Value Burrito | Value Taco,Value architecture support to protect late-night and lunch traffic.
camp_0143,2025-04-21,2025-04-21,tacobell,los_angeles_ca,value_box,Luxe Box Value Pulse,all,9.0,4,1,,,Breakfast Crunchwrap | Luxe Cravings Box | Value Burrito | Value Taco,Value architecture support to protect late-night and lunch traffic.
camp_0145,2025-04-21,2025-04-21,tacobell,dallas_tx,value_box,Luxe Box Value Pulse,all,9.0,4,1,,,Breakfast Crunchwrap | Luxe Cravings Box | Value Burrito | Value Taco,Value architecture support to protect late-night and lunch traffic.
camp_0147,2025-04-21,2025-04-21,tacobell,chicago_il,value_box,Luxe Box Value Pulse,all,9.0,4,1,,,Breakfast Crunchwrap | Luxe Cravings Box | Value Burrito | Value Taco,Value architecture support to protect late-night and lunch traffic.
camp_0149,2025-04-21,2025-04-21,tacobell,atlanta_ga,value_box,Luxe Box Value Pulse,all,9.0,4,1,,,Breakfast Crunchwrap | Luxe Cravings Box | Value Burrito | Value Taco,Value architecture support to protect late-night and lunch traffic.
camp_0151,2025-04-21,2025-04-21,tacobell,new_york_ny,value_box,Luxe Box Value Pulse,all,9.0,4,1,,,Breakfast Crunchwrap | Luxe Cravings Box | Value Burrito | Value Taco,Value architecture support to protect late-night and lunch traffic.
camp_0153,2025-04-21,2025-04-21,tacobell,miami_fl,value_box,Luxe Box Value Pulse,all,9.0,4,1,,,Breakfast Crunchwrap | Luxe Cravings Box | Value Burrito | Value Taco,Value architecture support to protect late-night and lunch traffic.
camp_0155,2025-04-21,2025-04-21,tacobell,phoenix_az,value_box,Luxe Box Value Pulse,all,9.0,4,1,,,Breakfast Crunchwrap | Luxe Cravings Box | Value Burrito | Value Taco,Value architecture support to protect late-night and lunch traffic.
camp_0157,2025-04-21,2025-04-21,tacobell,denver_co,value_box,Luxe Box Value Pulse,all,9.0,4,1,,,Breakfast Crunchwrap | Luxe Cravings Box | Value Burrito | Value Taco,Value architecture support to protect late-night and lunch traffic.
camp_0159,2025-04-21,2025-04-21,tacobell,seattle_wa,value_box,Luxe Box Value Pulse,all,9.0,4,1,,,Breakfast Crunchwrap | Luxe Cravings Box | Value Burrito | Value Taco,Value architecture support to protect late-night and lunch traffic.
camp_0161,2025-04-21,2025-04-21,tacobell,nashville_tn,value_box,Luxe Box Value Pulse,all,9.0,4,1,,,Breakfast Crunchwrap | Luxe Cravings Box | Value Burrito | Value Taco,Value architecture support to protect late-night and lunch traffic.
camp_0163,2025-04-21,2025-04-21,tacobell,minneapolis_mn,value_box,Luxe Box Value Pulse,all,9.0,4,1,,,Breakfast Crunchwrap | Luxe Cravings Box | Value Burrito | Value Taco,Value architecture support to protect late-night and lunch traffic.
camp_0165,2025-04-21,2025-04-21,tacobell,charlotte_nc,value_box,Luxe Box Value Pulse,all,9.0,4,1,,,Breakfast Crunchwrap | Luxe Cravings Box | Value Burrito | Value Taco,Value architecture support to protect late-night and lunch traffic.
camp_0178,2025-05-19,2025-05-19,tacobell,los_angeles_ca,value_box,Luxe Box Value Pulse,all,9.0,4,1,,,Breakfast Crunchwrap | Luxe Cravings Box | Value Burrito | Value Taco,Value architecture support to protect late-night and lunch traffic.
camp_0180,2025-05-19,2025-05-19,tacobell,dallas_tx,value_box,Luxe Box Value Pulse,all,9.0,4,1,,,Breakfast Crunchwrap | Luxe Cravings Box | Value Burrito | Value Taco,Value architecture support to protect late-night and lunch traffic.
camp_0182,2025-05-19,2025-05-19,tacobell,chicago_il,value_box,Luxe Box Value Pulse,all,9.0,4,1,,,Breakfast Crunchwrap | Luxe Cravings Box | Value Burrito | Value Taco,Value architecture support to protect late-night and lunch traffic.
camp_0184,2025-05-19,2025-05-19,tacobell,atlanta_ga,value_box,Luxe Box Value Pulse,all,9.0,4,1,,,Breakfast Crunchwrap | Luxe Cravings Box | Value Burrito | Value Taco,Value architecture support to protect late-night and lunch traffic.
camp_0186,2025-05-19,2025-05-19,tacobell,new_york_ny,value_box,Luxe Box Value Pulse,all,9.0,4,1,,,Breakfast Crunchwrap | Luxe Cravings Box | Value Burrito | Value Taco,Value architecture support to protect late-night and lunch traffic.
camp_0188,2025-05-19,2025-05-19,tacobell,miami_fl,value_box,Luxe Box Value Pulse,all,9.0,4,1,,,Breakfast Crunchwrap | Luxe Cravings Box | Value Burrito | Value Taco,Value architecture support to protect late-night and lunch traffic.
camp_0190,2025-05-19,2025-05-19,tacobell,phoenix_az,value_box,Luxe Box Value Pulse,all,9.0,4,1,,,Breakfast Crunchwrap | Luxe Cravings Box | Value Burrito | Value Taco,Value architecture support to protect late-night and lunch traffic.
camp_0192,2025-05-19,2025-05-19,tacobell,denver_co,value_box,Luxe Box Value Pulse,all,9.0,4,1,,,Breakfast Crunchwrap | Luxe Cravings Box | Value Burrito | Value Taco,Value architecture support to protect late-night and lunch traffic.
camp_0194,2025-05-19,2025-05-19,tacobell,seattle_wa,value_box,Luxe Box Value Pulse,all,9.0,4,1,,,Breakfast Crunchwrap | Luxe Cravings Box | Value Burrito | Value Taco,Value architecture support to protect late-night and lunch traffic.
camp_0196,2025-05-19,2025-05-19,tacobell,nashville_tn,value_box,Luxe Box Value Pulse,all,9.0,4,1,,,Breakfast Crunchwrap | Luxe Cravings Box | Value Burrito | Value Taco,Value architecture support to protect late-night and lunch traffic.
camp_0198,2025-05-19,2025-05-19,tacobell,minneapolis_mn,value_box,Luxe Box Value Pulse,all,9.0,4,1,,,Breakfast Crunchwrap | Luxe Cravings Box | Value Burrito | Value Taco,Value architecture support to protect late-night and lunch traffic.
camp_0200,2025-05-19,2025-05-19,tacobell,charlotte_nc,value_box,Luxe Box Value Pulse,all,9.0,4,1,,,Breakfast Crunchwrap | Luxe Cravings Box | Value Burrito | Value Taco,Value architecture support to protect late-night and lunch traffic.
camp_0229,2025-06-16,2025-06-16,tacobell,los_angeles_ca,value_box,Luxe Box Value Pulse,all,9.0,4,1,,,Breakfast Crunchwrap | Luxe Cravings Box | Value Burrito | Value Taco,Value architecture support to protect late-night and lunch traffic.
camp_0230,2025-06-16,2025-06-16,tacobell,dallas_tx,value_box,Luxe Box Value Pulse,all,9.0,4,1,,,Breakfast Crunchwrap | Luxe Cravings Box | Value Burrito | Value Taco,Value architecture support to protect late-night and lunch traffic.
camp_0231,2025-06-16,2025-06-16,tacobell,chicago_il,value_box,Luxe Box Value Pulse,all,9.0,4,1,,,Breakfast Crunchwrap | Luxe Cravings Box | Value Burrito | Value Taco,Value architecture support to protect late-night and lunch traffic.
camp_0232,2025-06-16,2025-06-16,tacobell,atlanta_ga,value_box,Luxe Box Value Pulse,all,9.0,4,1,,,Breakfast Crunchwrap | Luxe Cravings Box | Value Burrito | Value Taco,Value architecture support to protect late-night and lunch traffic.
camp_0233,2025-06-16,2025-06-16,tacobell,new_york_ny,value_box,Luxe Box Value Pulse,all,9.0,4,1,,,Breakfast Crunchwrap | Luxe Cravings Box | Value Burrito | Value Taco,Value architecture support to protect late-night and lunch traffic.
camp_0234,2025-06-16,2025-06-16,tacobell,miami_fl,value_box,Luxe Box Value Pulse,all,9.0,4,1,,,Breakfast Crunchwrap | Luxe Cravings Box | Value Burrito | Value Taco,Value architecture support to protect late-night and lunch traffic.
camp_0235,2025-06-16,2025-06-16,tacobell,phoenix_az,value_box,Luxe Box Value Pulse,all,9.0,4,1,,,Breakfast Crunchwrap | Luxe Cravings Box | Value Burrito | Value Taco,Value architecture support to protect late-night and lunch traffic.
camp_0236,2025-06-16,2025-06-16,tacobell,denver_co,value_box,Luxe Box Value Pulse,all,9.0,4,1,,,Breakfast Crunchwrap | Luxe Cravings Box | Value Burrito | Value Taco,Value architecture support to protect late-night and lunch traffic.
camp_0237,2025-06-16,2025-06-16,tacobell,seattle_wa,value_box,Luxe Box Value Pulse,all,9.0,4,1,,,Breakfast Crunchwrap | Luxe Cravings Box | Value Burrito | Value Taco,Value architecture support to protect late-night and lunch traffic.
camp_0238,2025-06-16,2025-06-16,tacobell,nashville_tn,value_box,Luxe Box Value Pulse,all,9.0,4,1,,,Breakfast Crunchwrap | Luxe Cravings Box | Value Burrito | Value Taco,Value architecture support to protect late-night and lunch traffic.
camp_0239,2025-06-16,2025-06-16,tacobell,minneapolis_mn,value_box,Luxe Box Value Pulse,all,9.0,4,1,,,Breakfast Crunchwrap | Luxe Cravings Box | Value Burrito | Value Taco,Value architecture support to protect late-night and lunch traffic.
camp_0240,2025-06-16,2025-06-16,tacobell,charlotte_nc,value_box,Luxe Box Value Pulse,all,9.0,4,1,,,Breakfast Crunchwrap | Luxe Cravings Box | Value Burrito | Value Taco,Value architecture support to protect late-night and lunch traffic.
camp_0268,2025-07-14,2025-07-14,tacobell,los_angeles_ca,value_box,Luxe Box Value Pulse,all,9.0,4,1,,,Breakfast Crunchwrap | Luxe Cravings Box | Value Burrito | Value Taco,Value architecture support to protect late-night and lunch traffic.
camp_0269,2025-07-14,2025-07-14,tacobell,dallas_tx,value_box,Luxe Box Value Pulse,all,9.0,4,1,,,Breakfast Crunchwrap | Luxe Cravings Box | Value Burrito | Value Taco,Value architecture support to protect late-night and lunch traffic.
camp_0270,2025-07-14,2025-07-14,tacobell,chicago_il,value_box,Luxe Box Value Pulse,all,9.0,4,1,,,Breakfast Crunchwrap | Luxe Cravings Box | Value Burrito | Value Taco,Value architecture support to protect late-night and lunch traffic.
camp_0271,2025-07-14,2025-07-14,tacobell,atlanta_ga,value_box,Luxe Box Value Pulse,all,9.0,4,1,,,Breakfast Crunchwrap | Luxe Cravings Box | Value Burrito | Value Taco,Value architecture support to protect late-night and lunch traffic.
camp_0272,2025-07-14,2025-07-14,tacobell,new_york_ny,value_box,Luxe Box Value Pulse,all,9.0,4,1,,,Breakfast Crunchwrap | Luxe Cravings Box | Value Burrito | Value Taco,Value architecture support to protect late-night and lunch traffic.
camp_0273,2025-07-14,2025-07-14,tacobell,miami_fl,value_box,Luxe Box Value Pulse,all,9.0,4,1,,,Breakfast Crunchwrap | Luxe Cravings Box | Value Burrito | Value Taco,Value architecture support to protect late-night and lunch traffic.
camp_0274,2025-07-14,2025-07-14,tacobell,phoenix_az,value_box,Luxe Box Value Pulse,all,9.0,4,1,,,Breakfast Crunchwrap | Luxe Cravings Box | Value Burrito | Value Taco,Value architecture support to protect late-night and lunch traffic.
camp_0275,2025-07-14,2025-07-14,tacobell,denver_co,value_box,Luxe Box Value Pulse,all,9.0,4,1,,,Breakfast Crunchwrap | Luxe Cravings Box | Value Burrito | Value Taco,Value architecture support to protect late-night and lunch traffic.
camp_0276,2025-07-14,2025-07-14,tacobell,seattle_wa,value_box,Luxe Box Value Pulse,all,9.0,4,1,,,Breakfast Crunchwrap | Luxe Cravings Box | Value Burrito | Value Taco,Value architecture support to protect late-night and lunch traffic.
camp_0277,2025-07-14,2025-07-14,tacobell,nashville_tn,value_box,Luxe Box Value Pulse,all,9.0,4,1,,,Breakfast Crunchwrap | Luxe Cravings Box | Value Burrito | Value Taco,Value architecture support to protect late-night and lunch traffic.
camp_0278,2025-07-14,2025-07-14,tacobell,minneapolis_mn,value_box,Luxe Box Value Pulse,all,9.0,4,1,,,Breakfast Crunchwrap | Luxe Cravings Box | Value Burrito | Value Taco,Value architecture support to protect late-night and lunch traffic.
camp_0279,2025-07-14,2025-07-14,tacobell,charlotte_nc,value_box,Luxe Box Value Pulse,all,9.0,4,1,,,Breakfast Crunchwrap | Luxe Cravings Box | Value Burrito | Value Taco,Value architecture support to protect late-night and lunch traffic.
camp_0304,2025-08-11,2025-08-11,tacobell,los_angeles_ca,value_box,Luxe Box Value Pulse,all,9.0,4,1,,,Breakfast Crunchwrap | Luxe Cravings Box | Value Burrito | Value Taco,Value architecture support to protect late-night and lunch traffic.
camp_0306,2025-08-11,2025-08-11,tacobell,dallas_tx,value_box,Luxe Box Value Pulse,all,9.0,4,1,,,Breakfast Crunchwrap | Luxe Cravings Box | Value Burrito | Value Taco,Value architecture support to protect late-night and lunch traffic.
camp_0308,2025-08-11,2025-08-11,tacobell,chicago_il,value_box,Luxe Box Value Pulse,all,9.0,4,1,,,Breakfast Crunchwrap | Luxe Cravings Box | Value Burrito | Value Taco,Value architecture support to protect late-night and lunch traffic.
camp_0310,2025-08-11,2025-08-11,tacobell,atlanta_ga,value_box,Luxe Box Value Pulse,all,9.0,4,1,,,Breakfast Crunchwrap | Luxe Cravings Box | Value Burrito | Value Taco,Value architecture support to protect late-night and lunch traffic.
camp_0312,2025-08-11,2025-08-11,tacobell,new_york_ny,value_box,Luxe Box Value Pulse,all,9.0,4,1,,,Breakfast Crunchwrap | Luxe Cravings Box | Value Burrito | Value Taco,Value architecture support to protect late-night and lunch traffic.
camp_0314,2025-08-11,2025-08-11,tacobell,miami_fl,value_box,Luxe Box Value Pulse,all,9.0,4,1,,,Breakfast Crunchwrap | Luxe Cravings Box | Value Burrito | Value Taco,Value architecture support to protect late-night and lunch traffic.
camp_0316,2025-08-11,2025-08-11,tacobell,phoenix_az,value_box,Luxe Box Value Pulse,all,9.0,4,1,,,Breakfast Crunchwrap | Luxe Cravings Box | Value Burrito | Value Taco,Value architecture support to protect late-night and lunch traffic.
camp_0318,2025-08-11,2025-08-11,tacobell,denver_co,value_box,Luxe Box Value Pulse,all,9.0,4,1,,,Breakfast Crunchwrap | Luxe Cravings Box | Value Burrito | Value Taco,Value architecture support to protect late-night and lunch traffic.
camp_0320,2025-08-11,2025-08-11,tacobell,seattle_wa,value_box,Luxe Box Value Pulse,all,9.0,4,1,,,Breakfast Crunchwrap | Luxe Cravings Box | Value Burrito | Value Taco,Value architecture support to protect late-night and lunch traffic.
camp_0322,2025-08-11,2025-08-11,tacobell,nashville_tn,value_box,Luxe Box Value Pulse,all,9.0,4,1,,,Breakfast Crunchwrap | Luxe Cravings Box | Value Burrito | Value Taco,Value architecture support to protect late-night and lunch traffic.
camp_0324,2025-08-11,2025-08-11,tacobell,minneapolis_mn,value_box,Luxe Box Value Pulse,all,9.0,4,1,,,Breakfast Crunchwrap | Luxe Cravings Box | Value Burrito | Value Taco,Value architecture support to protect late-night and lunch traffic.
camp_0326,2025-08-11,2025-08-11,tacobell,charlotte_nc,value_box,Luxe Box Value Pulse,all,9.0,4,1,,,Breakfast Crunchwrap | Luxe Cravings Box | Value Burrito | Value Taco,Value architecture support to protect late-night and lunch traffic.
camp_0344,2025-09-08,2025-09-08,tacobell,los_angeles_ca,value_box,Luxe Box Value Pulse,all,9.0,4,1,,,Breakfast Crunchwrap | Luxe Cravings Box | Value Burrito | Value Taco,Value architecture support to protect late-night and lunch traffic.
camp_0346,2025-09-08,2025-09-08,tacobell,dallas_tx,value_box,Luxe Box Value Pulse,all,9.0,4,1,,,Breakfast Crunchwrap | Luxe Cravings Box | Value Burrito | Value Taco,Value architecture support to protect late-night and lunch traffic.
camp_0348,2025-09-08,2025-09-08,tacobell,chicago_il,value_box,Luxe Box Value Pulse,all,9.0,4,1,,,Breakfast Crunchwrap | Luxe Cravings Box | Value Burrito | Value Taco,Value architecture support to protect late-night and lunch traffic.
camp_0350,2025-09-08,2025-09-08,tacobell,atlanta_ga,value_box,Luxe Box Value Pulse,all,9.0,4,1,,,Breakfast Crunchwrap | Luxe Cravings Box | Value Burrito | Value Taco,Value architecture support to protect late-night and lunch traffic.
camp_0352,2025-09-08,2025-09-08,tacobell,new_york_ny,value_box,Luxe Box Value Pulse,all,9.0,4,1,,,Breakfast Crunchwrap | Luxe Cravings Box | Value Burrito | Value Taco,Value architecture support to protect late-night and lunch traffic.
camp_0354,2025-09-08,2025-09-08,tacobell,miami_fl,value_box,Luxe Box Value Pulse,all,9.0,4,1,,,Breakfast Crunchwrap | Luxe Cravings Box | Value Burrito | Value Taco,Value architecture support to protect late-night and lunch traffic.
camp_0356,2025-09-08,2025-09-08,tacobell,phoenix_az,value_box,Luxe Box Value Pulse,all,9.0,4,1,,,Breakfast Crunchwrap | Luxe Cravings Box | Value Burrito | Value Taco,Value architecture support to protect late-night and lunch traffic.
camp_0358,2025-09-08,2025-09-08,tacobell,denver_co,value_box,Luxe Box Value Pulse,all,9.0,4,1,,,Breakfast Crunchwrap | Luxe Cravings Box | Value Burrito | Value Taco,Value architecture support to protect late-night and lunch traffic.
camp_0360,2025-09-08,2025-09-08,tacobell,seattle_wa,value_box,Luxe Box Value Pulse,all,9.0,4,1,,,Breakfast Crunchwrap | Luxe Cravings Box | Value Burrito | Value Taco,Value architecture support to protect late-night and lunch traffic.
camp_0362,2025-09-08,2025-09-08,tacobell,nashville_tn,value_box,Luxe Box Value Pulse,all,9.0,4,1,,,Breakfast Crunchwrap | Luxe Cravings Box | Value Burrito | Value Taco,Value architecture support to protect late-night and lunch traffic.
camp_0364,2025-09-08,2025-09-08,tacobell,minneapolis_mn,value_box,Luxe Box Value Pulse,all,9.0,4,1,,,Breakfast Crunchwrap | Luxe Cravings Box | Value Burrito | Value Taco,Value architecture support to protect late-night and lunch traffic.
camp_0366,2025-09-08,2025-09-08,tacobell,charlotte_nc,value_box,Luxe Box Value Pulse,all,9.0,4,1,,,Breakfast Crunchwrap | Luxe Cravings Box | Value Burrito | Value Taco,Value architecture support to protect late-night and lunch traffic.
camp_0382,2025-10-06,2025-10-06,tacobell,los_angeles_ca,value_box,Luxe Box Value Pulse,all,9.0,4,1,,,Breakfast Crunchwrap | Luxe Cravings Box | Value Burrito | Value Taco,Value architecture support to protect late-night and lunch traffic.
camp_0383,2025-10-06,2025-10-06,tacobell,dallas_tx,value_box,Luxe Box Value Pulse,all,9.0,4,1,,,Breakfast Crunchwrap | Luxe Cravings Box | Value Burrito | Value Taco,Value architecture support to protect late-night and lunch traffic.
camp_0384,2025-10-06,2025-10-06,tacobell,chicago_il,value_box,Luxe Box Value Pulse,all,9.0,4,1,,,Breakfast Crunchwrap | Luxe Cravings Box | Value Burrito | Value Taco,Value architecture support to protect late-night and lunch traffic.
camp_0385,2025-10-06,2025-10-06,tacobell,atlanta_ga,value_box,Luxe Box Value Pulse,all,9.0,4,1,,,Breakfast Crunchwrap | Luxe Cravings Box | Value Burrito | Value Taco,Value architecture support to protect late-night and lunch traffic.
camp_0386,2025-10-06,2025-10-06,tacobell,new_york_ny,value_box,Luxe Box Value Pulse,all,9.0,4,1,,,Breakfast Crunchwrap | Luxe Cravings Box | Value Burrito | Value Taco,Value architecture support to protect late-night and lunch traffic.
camp_0387,2025-10-06,2025-10-06,tacobell,miami_fl,value_box,Luxe Box Value Pulse,all,9.0,4,1,,,Breakfast Crunchwrap | Luxe Cravings Box | Value Burrito | Value Taco,Value architecture support to protect late-night and lunch traffic.
camp_0388,2025-10-06,2025-10-06,tacobell,phoenix_az,value_box,Luxe Box Value Pulse,all,9.0,4,1,,,Breakfast Crunchwrap | Luxe Cravings Box | Value Burrito | Value Taco,Value architecture support to protect late-night and lunch traffic.
camp_0389,2025-10-06,2025-10-06,tacobell,denver_co,value_box,Luxe Box Value Pulse,all,9.0,4,1,,,Breakfast Crunchwrap | Luxe Cravings Box | Value Burrito | Value Taco,Value architecture support to protect late-night and lunch traffic.
camp_0390,2025-10-06,2025-10-06,tacobell,seattle_wa,value_box,Luxe Box Value Pulse,all,9.0,4,1,,,Breakfast Crunchwrap | Luxe Cravings Box | Value Burrito | Value Taco,Value architecture support to protect late-night and lunch traffic.
camp_0391,2025-10-06,2025-10-06,tacobell,nashville_tn,value_box,Luxe Box Value Pulse,all,9.0,4,1,,,Breakfast Crunchwrap | Luxe Cravings Box | Value Burrito | Value Taco,Value architecture support to protect late-night and lunch traffic.
camp_0392,2025-10-06,2025-10-06,tacobell,minneapolis_mn,value_box,Luxe Box Value Pulse,all,9.0,4,1,,,Breakfast Crunchwrap | Luxe Cravings Box | Value Burrito | Value Taco,Value architecture support to protect late-night and lunch traffic.
camp_0393,2025-10-06,2025-10-06,tacobell,charlotte_nc,value_box,Luxe Box Value Pulse,all,9.0,4,1,,,Breakfast Crunchwrap | Luxe Cravings Box | Value Burrito | Value Taco,Value architecture support to protect late-night and lunch traffic.
camp_0418,2025-11-03,2025-11-03,tacobell,los_angeles_ca,value_box,Luxe Box Value Pulse,all,9.0,4,1,,,Breakfast Crunchwrap | Luxe Cravings Box | Value Burrito | Value Taco,Value architecture support to protect late-night and lunch traffic.
camp_0420,2025-11-03,2025-11-03,tacobell,dallas_tx,value_box,Luxe Box Value Pulse,all,9.0,4,1,,,Breakfast Crunchwrap | Luxe Cravings Box | Value Burrito | Value Taco,Value architecture support to protect late-night and lunch traffic.
camp_0422,2025-11-03,2025-11-03,tacobell,chicago_il,value_box,Luxe Box Value Pulse,all,9.0,4,1,,,Breakfast Crunchwrap | Luxe Cravings Box | Value Burrito | Value Taco,Value architecture support to protect late-night and lunch traffic.
camp_0424,2025-11-03,2025-11-03,tacobell,atlanta_ga,value_box,Luxe Box Value Pulse,all,9.0,4,1,,,Breakfast Crunchwrap | Luxe Cravings Box | Value Burrito | Value Taco,Value architecture support to protect late-night and lunch traffic.
camp_0426,2025-11-03,2025-11-03,tacobell,new_york_ny,value_box,Luxe Box Value Pulse,all,9.0,4,1,,,Breakfast Crunchwrap | Luxe Cravings Box | Value Burrito | Value Taco,Value architecture support to protect late-night and lunch traffic.
camp_0428,2025-11-03,2025-11-03,tacobell,miami_fl,value_box,Luxe Box Value Pulse,all,9.0,4,1,,,Breakfast Crunchwrap | Luxe Cravings Box | Value Burrito | Value Taco,Value architecture support to protect late-night and lunch traffic.
camp_0430,2025-11-03,2025-11-03,tacobell,phoenix_az,value_box,Luxe Box Value Pulse,all,9.0,4,1,,,Breakfast Crunchwrap | Luxe Cravings Box | Value Burrito | Value Taco,Value architecture support to protect late-night and lunch traffic.
camp_0432,2025-11-03,2025-11-03,tacobell,denver_co,value_box,Luxe Box Value Pulse,all,9.0,4,1,,,Breakfast Crunchwrap | Luxe Cravings Box | Value Burrito | Value Taco,Value architecture support to protect late-night and lunch traffic.
camp_0434,2025-11-03,2025-11-03,tacobell,seattle_wa,value_box,Luxe Box Value Pulse,all,9.0,4,1,,,Breakfast Crunchwrap | Luxe Cravings Box | Value Burrito | Value Taco,Value architecture support to protect late-night and lunch traffic.
camp_0436,2025-11-03,2025-11-03,tacobell,nashville_tn,value_box,Luxe Box Value Pulse,all,9.0,4,1,,,Breakfast Crunchwrap | Luxe Cravings Box | Value Burrito | Value Taco,Value architecture support to protect late-night and lunch traffic.
camp_0438,2025-11-03,2025-11-03,tacobell,minneapolis_mn,value_box,Luxe Box Value Pulse,all,9.0,4,1,,,Breakfast Crunchwrap | Luxe Cravings Box | Value Burrito | Value Taco,Value architecture support to protect late-night and lunch traffic.
camp_0440,2025-11-03,2025-11-03,tacobell,charlotte_nc,value_box,Luxe Box Value Pulse,all,9.0,4,1,,,Breakfast Crunchwrap | Luxe Cravings Box | Value Burrito | Value Taco,Value architecture support to protect late-night and lunch traffic.
camp_0469,2025-12-01,2025-12-01,tacobell,los_angeles_ca,value_box,Luxe Box Value Pulse,all,9.0,4,1,,,Breakfast Crunchwrap | Luxe Cravings Box | Value Burrito | Value Taco,Value architecture support to protect late-night and lunch traffic.
camp_0470,2025-12-01,2025-12-01,tacobell,dallas_tx,value_box,Luxe Box Value Pulse,all,9.0,4,1,,,Breakfast Crunchwrap | Luxe Cravings Box | Value Burrito | Value Taco,Value architecture support to protect late-night and lunch traffic.
camp_0471,2025-12-01,2025-12-01,tacobell,chicago_il,value_box,Luxe Box Value Pulse,all,9.0,4,1,,,Breakfast Crunchwrap | Luxe Cravings Box | Value Burrito | Value Taco,Value architecture support to protect late-night and lunch traffic.
camp_0472,2025-12-01,2025-12-01,tacobell,atlanta_ga,value_box,Luxe Box Value Pulse,all,9.0,4,1,,,Breakfast Crunchwrap | Luxe Cravings Box | Value Burrito | Value Taco,Value architecture support to protect late-night and lunch traffic.
camp_0473,2025-12-01,2025-12-01,tacobell,new_york_ny,value_box,Luxe Box Value Pulse,all,9.0,4,1,,,Breakfast Crunchwrap | Luxe Cravings Box | Value Burrito | Value Taco,Value architecture support to protect late-night and lunch traffic.
camp_0474,2025-12-01,2025-12-01,tacobell,miami_fl,value_box,Luxe Box Value Pulse,all,9.0,4,1,,,Breakfast Crunchwrap | Luxe Cravings Box | Value Burrito | Value Taco,Value architecture support to protect late-night and lunch traffic.
camp_0475,2025-12-01,2025-12-01,tacobell,phoenix_az,value_box,Luxe Box Value Pulse,all,9.0,4,1,,,Breakfast Crunchwrap | Luxe Cravings Box | Value Burrito | Value Taco,Value architecture support to protect late-night and lunch traffic.
camp_0476,2025-12-01,2025-12-01,tacobell,denver_co,value_box,Luxe Box Value Pulse,all,9.0,4,1,,,Breakfast Crunchwrap | Luxe Cravings Box | Value Burrito | Value Taco,Value architecture support to protect late-night and lunch traffic.
camp_0477,2025-12-01,2025-12-01,tacobell,seattle_wa,value_box,Luxe Box Value Pulse,all,9.0,4,1,,,Breakfast Crunchwrap | Luxe Cravings Box | Value Burrito | Value Taco,Value architecture support to protect late-night and lunch traffic.
camp_0478,2025-12-01,2025-12-01,tacobell,nashville_tn,value_box,Luxe Box Value Pulse,all,9.0,4,1,,,Breakfast Crunchwrap | Luxe Cravings Box | Value Burrito | Value Taco,Value architecture support to protect late-night and lunch traffic.
camp_0479,2025-12-01,2025-12-01,tacobell,minneapolis_mn,value_box,Luxe Box Value Pulse,all,9.0,4,1,,,Breakfast Crunchwrap | Luxe Cravings Box | Value Burrito | Value Taco,Value architecture support to protect late-night and lunch traffic.
camp_0480,2025-12-01,2025-12-01,tacobell,charlotte_nc,value_box,Luxe Box Value Pulse,all,9.0,4,1,,,Breakfast Crunchwrap | Luxe Cravings Box | Value Burrito | Value Taco,Value architecture support to protect late-night and lunch traffic.
camp_0508,2025-12-29,2025-12-29,tacobell,los_angeles_ca,value_box,Luxe Box Value Pulse,all,9.0,4,1,,,Breakfast Crunchwrap | Luxe Cravings Box | Value Burrito | Value Taco,Value architecture support to protect late-night and lunch traffic.
camp_0509,2025-12-29,2025-12-29,tacobell,dallas_tx,value_box,Luxe Box Value Pulse,all,9.0,4,1,,,Breakfast Crunchwrap | Luxe Cravings Box | Value Burrito | Value Taco,Value architecture support to protect late-night and lunch traffic.
camp_0510,2025-12-29,2025-12-29,tacobell,chicago_il,value_box,Luxe Box Value Pulse,all,9.0,4,1,,,Breakfast Crunchwrap | Luxe Cravings Box | Value Burrito | Value Taco,Value architecture support to protect late-night and lunch traffic.
camp_0511,2025-12-29,2025-12-29,tacobell,atlanta_ga,value_box,Luxe Box Value Pulse,all,9.0,4,1,,,Breakfast Crunchwrap | Luxe Cravings Box | Value Burrito | Value Taco,Value architecture support to protect late-night and lunch traffic.
camp_0512,2025-12-29,2025-12-29,tacobell,new_york_ny,value_box,Luxe Box Value Pulse,all,9.0,4,1,,,Breakfast Crunchwrap | Luxe Cravings Box | Value Burrito | Value Taco,Value architecture support to protect late-night and lunch traffic.
camp_0513,2025-12-29,2025-12-29,tacobell,miami_fl,value_box,Luxe Box Value Pulse,all,9.0,4,1,,,Breakfast Crunchwrap | Luxe Cravings Box | Value Burrito | Value Taco,Value architecture support to protect late-night and lunch traffic.
camp_0514,2025-12-29,2025-12-29,tacobell,phoenix_az,value_box,Luxe Box Value Pulse,all,9.0,4,1,,,Breakfast Crunchwrap | Luxe Cravings Box | Value Burrito | Value Taco,Value architecture support to protect late-night and lunch traffic.
camp_0515,2025-12-29,2025-12-29,tacobell,denver_co,value_box,Luxe Box Value Pulse,all,9.0,4,1,,,Breakfast Crunchwrap | Luxe Cravings Box | Value Burrito | Value Taco,Value architecture support to protect late-night and lunch traffic.
camp_0516,2025-12-29,2025-12-29,tacobell,seattle_wa,value_box,Luxe Box Value Pulse,all,9.0,4,1,,,Breakfast Crunchwrap | Luxe Cravings Box | Value Burrito | Value Taco,Value architecture support to protect late-night and lunch traffic.
camp_0517,2025-12-29,2025-12-29,tacobell,nashville_tn,value_box,Luxe Box Value Pulse,all,9.0,4,1,,,Breakfast Crunchwrap | Luxe Cravings Box | Value Burrito | Value Taco,Value architecture support to protect late-night and lunch traffic.
camp_0518,2025-12-29,2025-12-29,tacobell,minneapolis_mn,value_box,Luxe Box Value Pulse,all,9.0,4,1,,,Breakfast Crunchwrap | Luxe Cravings Box | Value Burrito | Value Taco,Value architecture support to protect late-night and lunch traffic.
camp_0519,2025-12-29,2025-12-29,tacobell,charlotte_nc,value_box,Luxe Box Value Pulse,all,9.0,4,1,,,Breakfast Crunchwrap | Luxe Cravings Box | Value Burrito | Value Taco,Value architecture support to protect late-night and lunch traffic.
